STE3_00001	rRNA	1931				23S ribosomal RNA (partial)
STE3_00004	rRNA	1541				16S ribosomal RNA
STE3_00005	rRNA	105				5S ribosomal RNA
STE3_00006	rRNA	2877				23S ribosomal RNA
STE3_00009	rRNA	1541				16S ribosomal RNA
STE3_00365	rRNA	1541				16S ribosomal RNA
STE3_00368	rRNA	2877				23S ribosomal RNA
STE3_00369	rRNA	105				5S ribosomal RNA
STE3_00370	rRNA	1541				16S ribosomal RNA
STE3_00373	rRNA	2877				23S ribosomal RNA
STE3_00374	rRNA	105				5S ribosomal RNA
STE3_00375	rRNA	105				5S ribosomal RNA
STE2_00367	rRNA	1541				16S ribosomal RNA
STE2_00371	rRNA	2875				23S ribosomal RNA
STE2_00372	rRNA	105				5S ribosomal RNA
STE2_00373	rRNA	105				5S ribosomal RNA
STE2_03869	rRNA	105				5S ribosomal RNA
STE2_03870	rRNA	2875				23S ribosomal RNA
STE2_03874	rRNA	1541				16S ribosomal RNA
STE1_00574	rRNA	1541				16S ribosomal RNA
STE1_00577	rRNA	2875				23S ribosomal RNA
STE1_00578	rRNA	105				5S ribosomal RNA
STE1_00780	rRNA	1541				16S ribosomal RNA
STE1_00783	rRNA	2875				23S ribosomal RNA
STE1_00784	rRNA	105				5S ribosomal RNA
STE1_01014	rRNA	1541				16S ribosomal RNA
STE1_01017	rRNA	2875				23S ribosomal RNA
STE1_01018	rRNA	105				5S ribosomal RNA
STA1_00681	rRNA	1548				16S ribosomal RNA
STA1_00682	rRNA	2918				23S ribosomal RNA
STA1_00683	rRNA	110				5S ribosomal RNA
STA1_00778	rRNA	1548				16S ribosomal RNA
STA1_00779	rRNA	2918				23S ribosomal RNA
STA1_00780	rRNA	110				5S ribosomal RNA
STA1_00883	rRNA	1548				16S ribosomal RNA
STA1_00886	rRNA	2918				23S ribosomal RNA
STA1_00887	rRNA	110				5S ribosomal RNA
STA1_02015	rRNA	110				5S ribosomal RNA
STA1_02016	rRNA	2918				23S ribosomal RNA
STA1_02018	rRNA	1548				16S ribosomal RNA
STA1_02019	rRNA	110				5S ribosomal RNA
STA1_02020	rRNA	2918				23S ribosomal RNA
STA1_02021	rRNA	1548				16S ribosomal RNA
STA1_02030	rRNA	110				5S ribosomal RNA
STA1_02068	rRNA	110				5S ribosomal RNA
STA1_02069	rRNA	2918				23S ribosomal RNA
STA1_02070	rRNA	1548				16S ribosomal RNA
SPH4_01075	rRNA	109				5S ribosomal RNA
SPH4_01076	rRNA	2804				23S ribosomal RNA
SPH4_01079	rRNA	1484				16S ribosomal RNA
SPH4_01405	rRNA	109				5S ribosomal RNA
SPH4_01406	rRNA	2804				23S ribosomal RNA
SPH4_01409	rRNA	1484				16S ribosomal RNA
SPH4_02129	rRNA	109				5S ribosomal RNA
SPH4_02130	rRNA	2804				23S ribosomal RNA
SPH4_02133	rRNA	1484				16S ribosomal RNA
SPH4_02449	rRNA	109				5S ribosomal RNA
SPH4_02450	rRNA	2804				23S ribosomal RNA
SPH4_02453	rRNA	1484				16S ribosomal RNA
SPH2_00983	rRNA	1525				16S ribosomal RNA
SPH2_00986	rRNA	2874				23S ribosomal RNA
SPH2_00987	rRNA	107				5S ribosomal RNA
SPH2_02995	rRNA	107				5S ribosomal RNA
SPH2_02996	rRNA	2874				23S ribosomal RNA
SPH2_02999	rRNA	1525				16S ribosomal RNA
SPH2_03248	rRNA	107				5S ribosomal RNA
SPH2_03249	rRNA	2874				23S ribosomal RNA
SPH2_03252	rRNA	1525				16S ribosomal RNA
SPH2_03699	rRNA	107				5S ribosomal RNA
SPH2_03700	rRNA	2874				23S ribosomal RNA
SPH2_03703	rRNA	1525				16S ribosomal RNA
SPH3_00328	rRNA	1525				16S ribosomal RNA
SPH3_00331	rRNA	2873				23S ribosomal RNA
SPH3_00332	rRNA	106				5S ribosomal RNA
SPH3_00609	rRNA	1525				16S ribosomal RNA
SPH3_00612	rRNA	2873				23S ribosomal RNA
SPH3_00613	rRNA	106				5S ribosomal RNA
SPH3_00913	rRNA	1525				16S ribosomal RNA
SPH3_00916	rRNA	2873				23S ribosomal RNA
SPH3_00917	rRNA	106				5S ribosomal RNA
SPH3_01049	rRNA	1525				16S ribosomal RNA
SPH3_01052	rRNA	2873				23S ribosomal RNA
SPH3_01053	rRNA	106				5S ribosomal RNA
SPH3_03576	rRNA	106				5S ribosomal RNA
SPH3_03577	rRNA	2873				23S ribosomal RNA
SPH3_03580	rRNA	1525				16S ribosomal RNA
SPH3_04388	rRNA	106				5S ribosomal RNA
SPH3_04389	rRNA	2873				23S ribosomal RNA
SPH3_04392	rRNA	1525				16S ribosomal RNA
SPH3_05028	rRNA	106				5S ribosomal RNA
SPH3_05029	rRNA	2873				23S ribosomal RNA
SPH3_05032	rRNA	1525				16S ribosomal RNA
SPH1_00332	rRNA	1527				16S ribosomal RNA
SPH1_00335	rRNA	2875				23S ribosomal RNA
SPH1_00336	rRNA	106				5S ribosomal RNA
SPH1_00674	rRNA	1527				16S ribosomal RNA
SPH1_00677	rRNA	2875				23S ribosomal RNA
SPH1_00678	rRNA	106				5S ribosomal RNA
SPH1_00991	rRNA	1527				16S ribosomal RNA
SPH1_00994	rRNA	2875				23S ribosomal RNA
SPH1_00995	rRNA	106				5S ribosomal RNA
SPH1_01139	rRNA	1527				16S ribosomal RNA
SPH1_01142	rRNA	2875				23S ribosomal RNA
SPH1_01143	rRNA	106				5S ribosomal RNA
SPH1_04200	rRNA	106				5S ribosomal RNA
SPH1_04201	rRNA	2875				23S ribosomal RNA
SPH1_04204	rRNA	1527				16S ribosomal RNA
SPH1_05073	rRNA	106				5S ribosomal RNA
SPH1_05074	rRNA	2875				23S ribosomal RNA
SPH1_05077	rRNA	1527				16S ribosomal RNA
SPH1_05758	rRNA	106				5S ribosomal RNA
SPH1_05759	rRNA	2875				23S ribosomal RNA
SPH1_05762	rRNA	1527				16S ribosomal RNA
SIN1_00728	rRNA	1523				16S ribosomal RNA
SIN1_00729	rRNA	3140				23S ribosomal RNA
SIN1_00730	rRNA	108				5S ribosomal RNA
SIN1_01472	rRNA	1523				16S ribosomal RNA
SIN1_01473	rRNA	3140				23S ribosomal RNA
SIN1_01474	rRNA	108				5S ribosomal RNA
SIN1_03120	rRNA	108				5S ribosomal RNA
SIN1_03121	rRNA	3140				23S ribosomal RNA
SIN1_03122	rRNA	1523				16S ribosomal RNA
SIN1_03618	rRNA	108				5S ribosomal RNA
SIN1_03619	rRNA	3140				23S ribosomal RNA
SIN1_03620	rRNA	1523				16S ribosomal RNA
RHO4_00213	rRNA	1518				16S ribosomal RNA
RHO4_00214	rRNA	3121				23S ribosomal RNA
RHO4_00215	rRNA	108				5S ribosomal RNA
RHO4_00220	rRNA	1518				16S ribosomal RNA
RHO4_00221	rRNA	3121				23S ribosomal RNA
RHO4_00222	rRNA	108				5S ribosomal RNA
RHO4_00527	rRNA	1518				16S ribosomal RNA
RHO4_00528	rRNA	3121				23S ribosomal RNA
RHO4_00529	rRNA	108				5S ribosomal RNA
RHO4_01801	rRNA	1518				16S ribosomal RNA
RHO4_01802	rRNA	3122				23S ribosomal RNA
RHO4_01803	rRNA	108				5S ribosomal RNA
RHO4_02688	rRNA	108				5S ribosomal RNA
RHO4_02689	rRNA	3122				23S ribosomal RNA
RHO4_02690	rRNA	1518				16S ribosomal RNA
RHO3_00830	rRNA	1516				16S ribosomal RNA
RHO3_00831	rRNA	3123				23S ribosomal RNA
RHO3_00832	rRNA	108				5S ribosomal RNA
RHO3_01522	rRNA	108				5S ribosomal RNA
RHO3_01523	rRNA	3123				23S ribosomal RNA
RHO3_01524	rRNA	1516				16S ribosomal RNA
RHO3_02833	rRNA	108				5S ribosomal RNA
RHO3_02834	rRNA	3123				23S ribosomal RNA
RHO3_02835	rRNA	1516				16S ribosomal RNA
RHO3_03242	rRNA	108				5S ribosomal RNA
RHO3_03243	rRNA	3123				23S ribosomal RNA
RHO3_03244	rRNA	1516				16S ribosomal RNA
RHO3_03247	rRNA	108				5S ribosomal RNA
RHO3_03248	rRNA	3123				23S ribosomal RNA
RHO3_03249	rRNA	1516				16S ribosomal RNA
RHO2_00957	rRNA	1529				16S ribosomal RNA
RHO2_00960	rRNA	2878				23S ribosomal RNA
RHO2_02421	rRNA	2878				23S ribosomal RNA
RHO2_02424	rRNA	1529				16S ribosomal RNA
RHO2_02603	rRNA	2878				23S ribosomal RNA
RHO2_02606	rRNA	1529				16S ribosomal RNA
RHO2_04078	rRNA	1529				16S ribosomal RNA
RHO2_04081	rRNA	2878				23S ribosomal RNA
RHO2_04107	rRNA	1529				16S ribosomal RNA
RHO2_04110	rRNA	2878				23S ribosomal RNA
RHO2_05553	rRNA	1529				16S ribosomal RNA
RHO2_05556	rRNA	2878				23S ribosomal RNA
RHO2_06008	rRNA	2878				23S ribosomal RNA
RHO2_06009	rRNA	1529				16S ribosomal RNA
RHO1_00213	rRNA	1518				16S ribosomal RNA
RHO1_00214	rRNA	3122				23S ribosomal RNA
RHO1_00215	rRNA	108				5S ribosomal RNA
RHO1_00220	rRNA	1518				16S ribosomal RNA
RHO1_00221	rRNA	3121				23S ribosomal RNA
RHO1_00222	rRNA	108				5S ribosomal RNA
RHO1_00527	rRNA	1518				16S ribosomal RNA
RHO1_00528	rRNA	3121				23S ribosomal RNA
RHO1_00529	rRNA	108				5S ribosomal RNA
RHO1_01801	rRNA	1518				16S ribosomal RNA
RHO1_01802	rRNA	3122				23S ribosomal RNA
RHO1_01803	rRNA	108				5S ribosomal RNA
RHO1_02687	rRNA	108				5S ribosomal RNA
RHO1_02688	rRNA	3122				23S ribosomal RNA
RHO1_02689	rRNA	1518				16S ribosomal RNA
RAO1_00461	rRNA	1536				16S ribosomal RNA
RAO1_00462	rRNA	2903				23S ribosomal RNA
RAO1_00463	rRNA	111				5S ribosomal RNA
RAO1_00465	rRNA	111				5S ribosomal RNA
RAO1_01233	rRNA	1536				16S ribosomal RNA
RAO1_01235	rRNA	2903				23S ribosomal RNA
RAO1_01236	rRNA	111				5S ribosomal RNA
RAO1_04280	rRNA	111				5S ribosomal RNA
RAO1_04281	rRNA	2903				23S ribosomal RNA
RAO1_04284	rRNA	1536				16S ribosomal RNA
RAO1_04629	rRNA	111				5S ribosomal RNA
RAO1_04630	rRNA	2904				23S ribosomal RNA
RAO1_04632	rRNA	1536				16S ribosomal RNA
RAO1_04971	rRNA	111				5S ribosomal RNA
RAO1_04972	rRNA	2903				23S ribosomal RNA
RAO1_04974	rRNA	1536				16S ribosomal RNA
RAO1_05011	rRNA	111				5S ribosomal RNA
RAO1_05012	rRNA	2904				23S ribosomal RNA
RAO1_05015	rRNA	1536				16S ribosomal RNA
RAO1_05095	rRNA	111				5S ribosomal RNA
RAO1_05096	rRNA	2904				23S ribosomal RNA
RAO1_05098	rRNA	1536				16S ribosomal RNA
RAO1_05193	rRNA	111				5S ribosomal RNA
RAO1_05194	rRNA	2903				23S ribosomal RNA
RAO1_05197	rRNA	1536				16S ribosomal RNA
RAL3_02088	rRNA	109				5S ribosomal RNA
RAL3_02089	rRNA	2981				23S ribosomal RNA
RAL3_02090	rRNA	1528				16S ribosomal RNA
RAL3_02111	rRNA	109				5S ribosomal RNA
RAL3_02112	rRNA	2981				23S ribosomal RNA
RAL3_02113	rRNA	1253				16S ribosomal RNA (partial)
RAL3_03674	rRNA	109				5S ribosomal RNA
RAL3_03675	rRNA	2876				23S ribosomal RNA
RAL3_03678	rRNA	1528				16S ribosomal RNA
RAL3_03859	rRNA	109				5S ribosomal RNA
RAL3_03860	rRNA	2876				23S ribosomal RNA
RAL3_03863	rRNA	1528				16S ribosomal RNA
RAL3_04956	rRNA	109				5S ribosomal RNA
RAL3_04957	rRNA	2876				23S ribosomal RNA
RAL3_04960	rRNA	1528				16S ribosomal RNA
RAL3_05671	rRNA	109				5S ribosomal RNA
RAL3_05672	rRNA	2876				23S ribosomal RNA
RAL3_05675	rRNA	1528				16S ribosomal RNA
RAL2_02586	rRNA	108				5S ribosomal RNA
RAL2_02587	rRNA	2876				23S ribosomal RNA
RAL2_02590	rRNA	1536				16S ribosomal RNA
RAL2_02771	rRNA	108				5S ribosomal RNA
RAL2_02772	rRNA	2876				23S ribosomal RNA
RAL2_02775	rRNA	1536				16S ribosomal RNA
RAL2_04785	rRNA	1536				16S ribosomal RNA
RAL2_04788	rRNA	2876				23S ribosomal RNA
RAL2_04789	rRNA	108				5S ribosomal RNA
RAL1_02713	rRNA	108				5S ribosomal RNA
RAL1_02714	rRNA	2876				23S ribosomal RNA
RAL1_02717	rRNA	1536				16S ribosomal RNA
RAL1_02897	rRNA	108				5S ribosomal RNA
RAL1_02898	rRNA	2876				23S ribosomal RNA
RAL1_02901	rRNA	1536				16S ribosomal RNA
RAL1_03515	rRNA	108				5S ribosomal RNA
RAL1_03516	rRNA	2876				23S ribosomal RNA
RAL1_03519	rRNA	1536				16S ribosomal RNA
PSE9_00543	rRNA	1532				16S ribosomal RNA
PSE9_00546	rRNA	2891				23S ribosomal RNA
PSE9_00547	rRNA	110				5S ribosomal RNA
PSE9_00866	rRNA	1532				16S ribosomal RNA
PSE9_00869	rRNA	2891				23S ribosomal RNA
PSE9_00870	rRNA	110				5S ribosomal RNA
PSE9_01330	rRNA	1532				16S ribosomal RNA
PSE9_01333	rRNA	2891				23S ribosomal RNA
PSE9_01334	rRNA	110				5S ribosomal RNA
PSE9_01764	rRNA	1532				16S ribosomal RNA
PSE9_01767	rRNA	2891				23S ribosomal RNA
PSE9_01768	rRNA	110				5S ribosomal RNA
PSE9_05557	rRNA	110				5S ribosomal RNA
PSE9_05558	rRNA	2891				23S ribosomal RNA
PSE9_05561	rRNA	1532				16S ribosomal RNA
PSE9_06068	rRNA	110				5S ribosomal RNA
PSE9_06069	rRNA	110				5S ribosomal RNA
PSE9_06070	rRNA	2891				23S ribosomal RNA
PSE9_06073	rRNA	1532				16S ribosomal RNA
PSE8_00118	rRNA	1532				16S ribosomal RNA
PSE8_00119	rRNA	2890				23S ribosomal RNA
PSE8_00120	rRNA	110				5S ribosomal RNA
PSE8_00121	rRNA	110				5S ribosomal RNA
PSE8_00418	rRNA	1532				16S ribosomal RNA
PSE8_00419	rRNA	2890				23S ribosomal RNA
PSE8_00420	rRNA	110				5S ribosomal RNA
PSE8_00589	rRNA	1532				16S ribosomal RNA
PSE8_00590	rRNA	2890				23S ribosomal RNA
PSE8_00591	rRNA	110				5S ribosomal RNA
PSE8_01748	rRNA	1532				16S ribosomal RNA
PSE8_01749	rRNA	2890				23S ribosomal RNA
PSE8_01750	rRNA	110				5S ribosomal RNA
PSE8_03936	rRNA	110				5S ribosomal RNA
PSE8_03937	rRNA	2890				23S ribosomal RNA
PSE8_03940	rRNA	1532				16S ribosomal RNA
PSE8_04352	rRNA	110				5S ribosomal RNA
PSE8_04353	rRNA	2890				23S ribosomal RNA
PSE8_04356	rRNA	1532				16S ribosomal RNA
PSE7_00116	rRNA	1532				16S ribosomal RNA
PSE7_00119	rRNA	2889				23S ribosomal RNA
PSE7_00120	rRNA	110				5S ribosomal RNA
PSE7_00121	rRNA	110				5S ribosomal RNA
PSE7_00653	rRNA	1532				16S ribosomal RNA
PSE7_00656	rRNA	2889				23S ribosomal RNA
PSE7_00657	rRNA	110				5S ribosomal RNA
PSE7_04135	rRNA	110				5S ribosomal RNA
PSE7_04136	rRNA	2889				23S ribosomal RNA
PSE7_04139	rRNA	1532				16S ribosomal RNA
PSE7_04667	rRNA	110				5S ribosomal RNA
PSE7_04668	rRNA	2889				23S ribosomal RNA
PSE7_04671	rRNA	1532				16S ribosomal RNA
PSE7_05130	rRNA	110				5S ribosomal RNA
PSE7_05131	rRNA	2889				23S ribosomal RNA
PSE7_05134	rRNA	1532				16S ribosomal RNA
PSE7_05463	rRNA	110				5S ribosomal RNA
PSE7_05464	rRNA	2889				23S ribosomal RNA
PSE7_05467	rRNA	1532				16S ribosomal RNA
PSE6_00119	rRNA	1532				16S ribosomal RNA
PSE6_00122	rRNA	2889				23S ribosomal RNA
PSE6_00123	rRNA	110				5S ribosomal RNA
PSE6_00124	rRNA	110				5S ribosomal RNA
PSE6_00682	rRNA	1532				16S ribosomal RNA
PSE6_00685	rRNA	2889				23S ribosomal RNA
PSE6_00686	rRNA	110				5S ribosomal RNA
PSE6_02362	rRNA	1532				16S ribosomal RNA
PSE6_02365	rRNA	2889				23S ribosomal RNA
PSE6_02366	rRNA	110				5S ribosomal RNA
PSE6_03590	rRNA	110				5S ribosomal RNA
PSE6_03591	rRNA	2889				23S ribosomal RNA
PSE6_03594	rRNA	1532				16S ribosomal RNA
PSE6_04471	rRNA	110				5S ribosomal RNA
PSE6_04472	rRNA	2889				23S ribosomal RNA
PSE6_04475	rRNA	1532				16S ribosomal RNA
PSE6_04817	rRNA	110				5S ribosomal RNA
PSE6_04818	rRNA	2889				23S ribosomal RNA
PSE6_04821	rRNA	1532				16S ribosomal RNA
PSE4_00118	rRNA	1532				16S ribosomal RNA
PSE4_00121	rRNA	2887				23S ribosomal RNA
PSE4_00122	rRNA	110				5S ribosomal RNA
PSE4_00123	rRNA	110				5S ribosomal RNA
PSE4_00633	rRNA	1532				16S ribosomal RNA
PSE4_00636	rRNA	2887				23S ribosomal RNA
PSE4_00637	rRNA	110				5S ribosomal RNA
PSE4_01892	rRNA	1532				16S ribosomal RNA
PSE4_01895	rRNA	2887				23S ribosomal RNA
PSE4_01896	rRNA	110				5S ribosomal RNA
PSE4_04290	rRNA	110				5S ribosomal RNA
PSE4_04291	rRNA	2887				23S ribosomal RNA
PSE4_04294	rRNA	1532				16S ribosomal RNA
PSE4_04757	rRNA	110				5S ribosomal RNA
PSE4_04758	rRNA	2887				23S ribosomal RNA
PSE4_04761	rRNA	1532				16S ribosomal RNA
PSE4_05053	rRNA	110				5S ribosomal RNA
PSE4_05054	rRNA	2887				23S ribosomal RNA
PSE4_05057	rRNA	1532				16S ribosomal RNA
PSE2_00165	rRNA	1532				16S ribosomal RNA
PSE2_00168	rRNA	2889				23S ribosomal RNA
PSE2_00169	rRNA	110				5S ribosomal RNA
PSE2_00170	rRNA	110				5S ribosomal RNA
PSE2_00719	rRNA	1532				16S ribosomal RNA
PSE2_00722	rRNA	2889				23S ribosomal RNA
PSE2_00723	rRNA	110				5S ribosomal RNA
PSE2_04015	rRNA	110				5S ribosomal RNA
PSE2_04016	rRNA	2889				23S ribosomal RNA
PSE2_04019	rRNA	1532				16S ribosomal RNA
PSE2_04937	rRNA	110				5S ribosomal RNA
PSE2_04938	rRNA	2889				23S ribosomal RNA
PSE2_04941	rRNA	1532				16S ribosomal RNA
PSE2_05286	rRNA	110				5S ribosomal RNA
PSE2_05287	rRNA	2889				23S ribosomal RNA
PSE2_05290	rRNA	1532				16S ribosomal RNA
PSE13_00118	rRNA	1532				16S ribosomal RNA
PSE13_00121	rRNA	2887				23S ribosomal RNA
PSE13_00122	rRNA	110				5S ribosomal RNA
PSE13_00123	rRNA	110				5S ribosomal RNA
PSE13_00633	rRNA	1532				16S ribosomal RNA
PSE13_00636	rRNA	2887				23S ribosomal RNA
PSE13_00637	rRNA	110				5S ribosomal RNA
PSE13_01890	rRNA	1532				16S ribosomal RNA
PSE13_01893	rRNA	2887				23S ribosomal RNA
PSE13_01908	rRNA	110				5S ribosomal RNA
PSE13_04289	rRNA	110				5S ribosomal RNA
PSE13_04290	rRNA	2887				23S ribosomal RNA
PSE13_04293	rRNA	1532				16S ribosomal RNA
PSE13_04756	rRNA	110				5S ribosomal RNA
PSE13_04757	rRNA	2887				23S ribosomal RNA
PSE13_04760	rRNA	1532				16S ribosomal RNA
PSE13_05052	rRNA	110				5S ribosomal RNA
PSE13_05053	rRNA	2887				23S ribosomal RNA
PSE13_05056	rRNA	1532				16S ribosomal RNA
PSE5_00156	rRNA	1532				16S ribosomal RNA
PSE5_00159	rRNA	2889				23S ribosomal RNA
PSE5_00160	rRNA	110				5S ribosomal RNA
PSE5_00161	rRNA	110				5S ribosomal RNA
PSE5_00729	rRNA	1532				16S ribosomal RNA
PSE5_00732	rRNA	2889				23S ribosomal RNA
PSE5_00733	rRNA	110				5S ribosomal RNA
PSE5_01880	rRNA	1532				16S ribosomal RNA
PSE5_01883	rRNA	2889				23S ribosomal RNA
PSE5_01884	rRNA	110				5S ribosomal RNA
PSE5_05141	rRNA	110				5S ribosomal RNA
PSE5_05142	rRNA	2889				23S ribosomal RNA
PSE5_05145	rRNA	1532				16S ribosomal RNA
PSE5_05505	rRNA	110				5S ribosomal RNA
PSE5_05506	rRNA	2889				23S ribosomal RNA
PSE5_05509	rRNA	1532				16S ribosomal RNA
PSE12_00157	rRNA	1532				16S ribosomal RNA
PSE12_00160	rRNA	2889				23S ribosomal RNA
PSE12_00161	rRNA	110				5S ribosomal RNA
PSE12_00162	rRNA	110				5S ribosomal RNA
PSE12_00719	rRNA	1532				16S ribosomal RNA
PSE12_00722	rRNA	2889				23S ribosomal RNA
PSE12_00723	rRNA	110				5S ribosomal RNA
PSE12_04065	rRNA	110				5S ribosomal RNA
PSE12_04066	rRNA	2889				23S ribosomal RNA
PSE12_04069	rRNA	1532				16S ribosomal RNA
PSE12_04952	rRNA	110				5S ribosomal RNA
PSE12_04953	rRNA	2889				23S ribosomal RNA
PSE12_04956	rRNA	1532				16S ribosomal RNA
PSE12_05311	rRNA	110				5S ribosomal RNA
PSE12_05312	rRNA	2889				23S ribosomal RNA
PSE12_05315	rRNA	1532				16S ribosomal RNA
PSE1_00123	rRNA	1532				16S ribosomal RNA
PSE1_00126	rRNA	2888				23S ribosomal RNA
PSE1_00127	rRNA	110				5S ribosomal RNA
PSE1_00128	rRNA	110				5S ribosomal RNA
PSE1_00706	rRNA	1532				16S ribosomal RNA
PSE1_00709	rRNA	2888				23S ribosomal RNA
PSE1_00710	rRNA	110				5S ribosomal RNA
PSE1_02398	rRNA	1532				16S ribosomal RNA
PSE1_02401	rRNA	2888				23S ribosomal RNA
PSE1_02402	rRNA	110				5S ribosomal RNA
PSE1_04017	rRNA	110				5S ribosomal RNA
PSE1_04018	rRNA	2888				23S ribosomal RNA
PSE1_04021	rRNA	1532				16S ribosomal RNA
PSE1_04906	rRNA	110				5S ribosomal RNA
PSE1_04907	rRNA	2888				23S ribosomal RNA
PSE1_04910	rRNA	1532				16S ribosomal RNA
PSE1_05239	rRNA	110				5S ribosomal RNA
PSE1_05240	rRNA	2888				23S ribosomal RNA
PSE1_05243	rRNA	1532				16S ribosomal RNA
PSE3_00113	rRNA	1534				16S ribosomal RNA
PSE3_00114	rRNA	2889				23S ribosomal RNA
PSE3_00115	rRNA	110				5S ribosomal RNA
PSE3_00116	rRNA	110				5S ribosomal RNA
PSE3_00684	rRNA	1534				16S ribosomal RNA
PSE3_00687	rRNA	2889				23S ribosomal RNA
PSE3_00688	rRNA	110				5S ribosomal RNA
PSE3_00956	rRNA	1534				16S ribosomal RNA
PSE3_00959	rRNA	2889				23S ribosomal RNA
PSE3_00960	rRNA	110				5S ribosomal RNA
PSE3_01759	rRNA	1534				16S ribosomal RNA
PSE3_01762	rRNA	2889				23S ribosomal RNA
PSE3_01763	rRNA	110				5S ribosomal RNA
PSE3_04959	rRNA	110				5S ribosomal RNA
PSE3_04960	rRNA	2889				23S ribosomal RNA
PSE3_04963	rRNA	1534				16S ribosomal RNA
PSE3_05285	rRNA	110				5S ribosomal RNA
PSE3_05286	rRNA	2889				23S ribosomal RNA
PSE3_05289	rRNA	1534				16S ribosomal RNA
PSE10_00124	rRNA	1534				16S ribosomal RNA
PSE10_00127	rRNA	2889				23S ribosomal RNA
PSE10_00128	rRNA	110				5S ribosomal RNA
PSE10_00129	rRNA	110				5S ribosomal RNA
PSE10_00753	rRNA	1534				16S ribosomal RNA
PSE10_00756	rRNA	2889				23S ribosomal RNA
PSE10_00757	rRNA	110				5S ribosomal RNA
PSE10_04229	rRNA	110				5S ribosomal RNA
PSE10_04230	rRNA	2889				23S ribosomal RNA
PSE10_04233	rRNA	1534				16S ribosomal RNA
PSE10_05241	rRNA	110				5S ribosomal RNA
PSE10_05242	rRNA	2889				23S ribosomal RNA
PSE10_05245	rRNA	1534				16S ribosomal RNA
PSE10_05580	rRNA	110				5S ribosomal RNA
PSE10_05581	rRNA	2889				23S ribosomal RNA
PSE10_05584	rRNA	1534				16S ribosomal RNA
PRO2_00056	rRNA	1537				16S ribosomal RNA
PRO2_00058	rRNA	2905				23S ribosomal RNA
PRO2_00059	rRNA	111				5S ribosomal RNA
PRO2_00871	rRNA	1537				16S ribosomal RNA
PRO2_00874	rRNA	2905				23S ribosomal RNA
PRO2_00875	rRNA	111				5S ribosomal RNA
PRO2_03404	rRNA	111				5S ribosomal RNA
PRO2_03405	rRNA	3082				23S ribosomal RNA
PRO2_03407	rRNA	1537				16S ribosomal RNA
PRO2_03543	rRNA	111				5S ribosomal RNA
PRO2_03544	rRNA	2905				23S ribosomal RNA
PRO2_03547	rRNA	1537				16S ribosomal RNA
PRO2_03875	rRNA	111				5S ribosomal RNA
PRO2_03876	rRNA	2905				23S ribosomal RNA
PRO2_03878	rRNA	1537				16S ribosomal RNA
PRO2_03931	rRNA	110				5S ribosomal RNA
PRO2_03933	rRNA	111				5S ribosomal RNA
PRO2_03934	rRNA	3081				23S ribosomal RNA
PRO2_03937	rRNA	1537				16S ribosomal RNA
PSE11_00118	rRNA	1532				16S ribosomal RNA
PSE11_00119	rRNA	2890				23S ribosomal RNA
PSE11_00120	rRNA	110				5S ribosomal RNA
PSE11_00121	rRNA	1532				16S ribosomal RNA
PSE11_00124	rRNA	2890				23S ribosomal RNA
PSE11_00125	rRNA	110				5S ribosomal RNA
PSE11_00126	rRNA	110				5S ribosomal RNA
PSE11_00421	rRNA	1532				16S ribosomal RNA
PSE11_00422	rRNA	2890				23S ribosomal RNA
PSE11_00423	rRNA	110				5S ribosomal RNA
PSE11_00594	rRNA	1532				16S ribosomal RNA
PSE11_00595	rRNA	2890				23S ribosomal RNA
PSE11_00596	rRNA	110				5S ribosomal RNA
PSE11_01757	rRNA	1532				16S ribosomal RNA
PSE11_01758	rRNA	2890				23S ribosomal RNA
PSE11_01759	rRNA	110				5S ribosomal RNA
PSE11_04050	rRNA	110				5S ribosomal RNA
PSE11_04051	rRNA	2890				23S ribosomal RNA
PSE11_04054	rRNA	1532				16S ribosomal RNA
PSE11_04463	rRNA	110				5S ribosomal RNA
PSE11_04464	rRNA	2890				23S ribosomal RNA
PSE11_04467	rRNA	1532				16S ribosomal RNA
PRO1_00056	rRNA	1537				16S ribosomal RNA
PRO1_00059	rRNA	2902				23S ribosomal RNA
PRO1_00060	rRNA	111				5S ribosomal RNA
PRO1_00407	rRNA	1537				16S ribosomal RNA
PRO1_00409	rRNA	2902				23S ribosomal RNA
PRO1_00410	rRNA	111				5S ribosomal RNA
PRO1_00576	rRNA	1537				16S ribosomal RNA
PRO1_00578	rRNA	2902				23S ribosomal RNA
PRO1_00579	rRNA	111				5S ribosomal RNA
PRO1_00983	rRNA	1537				16S ribosomal RNA
PRO1_00986	rRNA	2902				23S ribosomal RNA
PRO1_00987	rRNA	111				5S ribosomal RNA
PRO1_03105	rRNA	111				5S ribosomal RNA
PRO1_03106	rRNA	2902				23S ribosomal RNA
PRO1_03109	rRNA	1537				16S ribosomal RNA
PRO1_03859	rRNA	111				5S ribosomal RNA
PRO1_03860	rRNA	2902				23S ribosomal RNA
PRO1_03862	rRNA	1537				16S ribosomal RNA
PRO1_03914	rRNA	110				5S ribosomal RNA
PRO1_03916	rRNA	111				5S ribosomal RNA
PRO1_03917	rRNA	2902				23S ribosomal RNA
PRO1_03919	rRNA	1537				16S ribosomal RNA
PAR2_01021	rRNA	1529				16S ribosomal RNA
PAR2_01024	rRNA	2876				23S ribosomal RNA
PAR2_02911	rRNA	2876				23S ribosomal RNA
PAR2_02914	rRNA	1529				16S ribosomal RNA
PAR2_03093	rRNA	2876				23S ribosomal RNA
PAR2_03096	rRNA	1529				16S ribosomal RNA
PAR2_04281	rRNA	2876				23S ribosomal RNA
PAR2_04284	rRNA	1529				16S ribosomal RNA
PAR2_04549	rRNA	2876				23S ribosomal RNA
PAR2_04552	rRNA	1529				16S ribosomal RNA
PAR2_05098	rRNA	2876				23S ribosomal RNA
PAR2_05101	rRNA	1529				16S ribosomal RNA
PAE5_00010	rRNA	1551				16S ribosomal RNA
PAE5_00011	rRNA	2924				23S ribosomal RNA
PAE5_00154	rRNA	1551				16S ribosomal RNA
PAE5_00155	rRNA	2924				23S ribosomal RNA
PAE5_00156	rRNA	112				5S ribosomal RNA
PAE5_00207	rRNA	1551				16S ribosomal RNA
PAE5_00208	rRNA	2924				23S ribosomal RNA
PAE5_00209	rRNA	112				5S ribosomal RNA
PAE5_00523	rRNA	1551				16S ribosomal RNA
PAE5_00524	rRNA	2924				23S ribosomal RNA
PAE5_00525	rRNA	112				5S ribosomal RNA
PAE5_00631	rRNA	1551				16S ribosomal RNA
PAE5_00632	rRNA	3046				23S ribosomal RNA
PAE5_00633	rRNA	112				5S ribosomal RNA
PAE5_00764	rRNA	1551				16S ribosomal RNA
PAE5_00765	rRNA	3045				23S ribosomal RNA
PAE5_00766	rRNA	112				5S ribosomal RNA
PAE5_04439	rRNA	112				5S ribosomal RNA
PAE5_04440	rRNA	3045				23S ribosomal RNA
PAE5_04441	rRNA	1551				16S ribosomal RNA
PAE5_04756	rRNA	3045				23S ribosomal RNA
PAE5_04757	rRNA	1551				16S ribosomal RNA
PAE5_04987	rRNA	112				5S ribosomal RNA
PAE5_04988	rRNA	3045				23S ribosomal RNA
PAE5_04991	rRNA	111				5S ribosomal RNA
PAE5_04992	rRNA	1551				16S ribosomal RNA
PAE5_05072	rRNA	112				5S ribosomal RNA
PAE5_05073	rRNA	3046				23S ribosomal RNA
PAE5_05075	rRNA	1551				16S ribosomal RNA
PAR1_00957	rRNA	1529				16S ribosomal RNA
PAR1_00960	rRNA	2878				23S ribosomal RNA
PAR1_02421	rRNA	2878				23S ribosomal RNA
PAR1_02424	rRNA	1529				16S ribosomal RNA
PAR1_02603	rRNA	2878				23S ribosomal RNA
PAR1_02606	rRNA	1529				16S ribosomal RNA
PAR1_04078	rRNA	1529				16S ribosomal RNA
PAR1_04081	rRNA	2878				23S ribosomal RNA
PAR1_04107	rRNA	1529				16S ribosomal RNA
PAR1_04110	rRNA	2878				23S ribosomal RNA
PAR1_05553	rRNA	1529				16S ribosomal RNA
PAR1_05556	rRNA	2878				23S ribosomal RNA
PAR1_06008	rRNA	2878				23S ribosomal RNA
PAR1_06009	rRNA	1529				16S ribosomal RNA
PAE4_00010	rRNA	1551				16S ribosomal RNA
PAE4_00011	rRNA	2924				23S ribosomal RNA
PAE4_00012	rRNA	112				5S ribosomal RNA
PAE4_00082	rRNA	1551				16S ribosomal RNA
PAE4_00083	rRNA	2924				23S ribosomal RNA
PAE4_00084	rRNA	113				5S ribosomal RNA
PAE4_00133	rRNA	1551				16S ribosomal RNA
PAE4_00134	rRNA	111				5S ribosomal RNA
PAE4_00137	rRNA	2923				23S ribosomal RNA
PAE4_00272	rRNA	1551				16S ribosomal RNA
PAE4_00273	rRNA	2924				23S ribosomal RNA
PAE4_00274	rRNA	112				5S ribosomal RNA
PAE4_00323	rRNA	1551				16S ribosomal RNA
PAE4_00324	rRNA	2924				23S ribosomal RNA
PAE4_00325	rRNA	112				5S ribosomal RNA
PAE4_00627	rRNA	1551				16S ribosomal RNA
PAE4_00628	rRNA	2924				23S ribosomal RNA
PAE4_00629	rRNA	112				5S ribosomal RNA
PAE4_00734	rRNA	1551				16S ribosomal RNA
PAE4_00735	rRNA	2924				23S ribosomal RNA
PAE4_00736	rRNA	112				5S ribosomal RNA
PAE4_00871	rRNA	1551				16S ribosomal RNA
PAE4_00872	rRNA	2924				23S ribosomal RNA
PAE4_00873	rRNA	112				5S ribosomal RNA
PAE4_05068	rRNA	112				5S ribosomal RNA
PAE4_05069	rRNA	2925				23S ribosomal RNA
PAE4_05070	rRNA	1551				16S ribosomal RNA
PAE4_05394	rRNA	2924				23S ribosomal RNA
PAE4_05395	rRNA	1551				16S ribosomal RNA
PAE4_05619	rRNA	112				5S ribosomal RNA
PAE4_05620	rRNA	2923				23S ribosomal RNA
PAE4_05623	rRNA	111				5S ribosomal RNA
PAE4_05624	rRNA	1551				16S ribosomal RNA
PAE4_05701	rRNA	112				5S ribosomal RNA
PAE4_05702	rRNA	2924				23S ribosomal RNA
PAE4_05703	rRNA	1551				16S ribosomal RNA
PAE3_00010	rRNA	1551				16S ribosomal RNA
PAE3_00011	rRNA	2927				23S ribosomal RNA
PAE3_00012	rRNA	112				5S ribosomal RNA
PAE3_00079	rRNA	1551				16S ribosomal RNA
PAE3_00080	rRNA	2926				23S ribosomal RNA
PAE3_00081	rRNA	112				5S ribosomal RNA
PAE3_00134	rRNA	1551				16S ribosomal RNA
PAE3_00135	rRNA	112				5S ribosomal RNA
PAE3_00138	rRNA	2926				23S ribosomal RNA
PAE3_00879	rRNA	1551				16S ribosomal RNA
PAE3_00880	rRNA	2926				23S ribosomal RNA
PAE3_00881	rRNA	112				5S ribosomal RNA
PAE3_01350	rRNA	1551				16S ribosomal RNA
PAE3_01351	rRNA	2926				23S ribosomal RNA
PAE3_01352	rRNA	112				5S ribosomal RNA
PAE3_01800	rRNA	1551				16S ribosomal RNA
PAE3_01801	rRNA	2923				23S ribosomal RNA
PAE3_01802	rRNA	112				5S ribosomal RNA
PAE3_05984	rRNA	2926				23S ribosomal RNA
PAE3_05985	rRNA	1551				16S ribosomal RNA
PAE3_06119	rRNA	112				5S ribosomal RNA
PAE3_06120	rRNA	2925				23S ribosomal RNA
PAE3_06123	rRNA	112				5S ribosomal RNA
PAE3_06124	rRNA	1551				16S ribosomal RNA
PAE3_06199	rRNA	112				5S ribosomal RNA
PAE3_06200	rRNA	2926				23S ribosomal RNA
PAE3_06201	rRNA	1551				16S ribosomal RNA
PAE2_00010	rRNA	1550				16S ribosomal RNA
PAE2_00011	rRNA	2920				23S ribosomal RNA
PAE2_00012	rRNA	112				5S ribosomal RNA
PAE2_00083	rRNA	1550				16S ribosomal RNA
PAE2_00084	rRNA	2920				23S ribosomal RNA
PAE2_00085	rRNA	112				5S ribosomal RNA
PAE2_00135	rRNA	1550				16S ribosomal RNA
PAE2_00136	rRNA	111				5S ribosomal RNA
PAE2_00139	rRNA	2920				23S ribosomal RNA
PAE2_00271	rRNA	1550				16S ribosomal RNA
PAE2_00272	rRNA	2920				23S ribosomal RNA
PAE2_00273	rRNA	112				5S ribosomal RNA
PAE2_00322	rRNA	1550				16S ribosomal RNA
PAE2_00323	rRNA	2920				23S ribosomal RNA
PAE2_00324	rRNA	112				5S ribosomal RNA
PAE2_00609	rRNA	1550				16S ribosomal RNA
PAE2_00610	rRNA	2920				23S ribosomal RNA
PAE2_00611	rRNA	112				5S ribosomal RNA
PAE2_00718	rRNA	1550				16S ribosomal RNA
PAE2_00719	rRNA	3043				23S ribosomal RNA
PAE2_00720	rRNA	112				5S ribosomal RNA
PAE2_01639	rRNA	1550				16S ribosomal RNA
PAE2_01640	rRNA	3042				23S ribosomal RNA
PAE2_01641	rRNA	112				5S ribosomal RNA
PAE2_03670	rRNA	112				5S ribosomal RNA
PAE2_03671	rRNA	3042				23S ribosomal RNA
PAE2_03672	rRNA	1550				16S ribosomal RNA
PAE2_04585	rRNA	112				5S ribosomal RNA
PAE2_04586	rRNA	2920				23S ribosomal RNA
PAE2_04587	rRNA	1550				16S ribosomal RNA
PAE2_04883	rRNA	2920				23S ribosomal RNA
PAE2_04884	rRNA	1550				16S ribosomal RNA
PAE2_05087	rRNA	112				5S ribosomal RNA
PAE2_05088	rRNA	2919				23S ribosomal RNA
PAE2_05091	rRNA	111				5S ribosomal RNA
PAE2_05092	rRNA	1550				16S ribosomal RNA
PAE2_05168	rRNA	112				5S ribosomal RNA
PAE2_05169	rRNA	3043				23S ribosomal RNA
PAE2_05171	rRNA	1550				16S ribosomal RNA
PAE2_05884	rRNA	112				5S ribosomal RNA
PAE2_05885	rRNA	2920				23S ribosomal RNA
PAE2_05886	rRNA	1550				16S ribosomal RNA
PAE1_00010	rRNA	1551				16S ribosomal RNA
PAE1_00011	rRNA	2927				23S ribosomal RNA
PAE1_00012	rRNA	112				5S ribosomal RNA
PAE1_00079	rRNA	1551				16S ribosomal RNA
PAE1_00080	rRNA	2924				23S ribosomal RNA
PAE1_00081	rRNA	112				5S ribosomal RNA
PAE1_00134	rRNA	1551				16S ribosomal RNA
PAE1_00135	rRNA	112				5S ribosomal RNA
PAE1_00138	rRNA	2926				23S ribosomal RNA
PAE1_00881	rRNA	1551				16S ribosomal RNA
PAE1_00882	rRNA	2924				23S ribosomal RNA
PAE1_00883	rRNA	112				5S ribosomal RNA
PAE1_01352	rRNA	1551				16S ribosomal RNA
PAE1_01353	rRNA	2926				23S ribosomal RNA
PAE1_01354	rRNA	112				5S ribosomal RNA
PAE1_01802	rRNA	1551				16S ribosomal RNA
PAE1_01803	rRNA	2923				23S ribosomal RNA
PAE1_01804	rRNA	112				5S ribosomal RNA
PAE1_05990	rRNA	2924				23S ribosomal RNA
PAE1_05991	rRNA	1551				16S ribosomal RNA
PAE1_06128	rRNA	112				5S ribosomal RNA
PAE1_06129	rRNA	2924				23S ribosomal RNA
PAE1_06132	rRNA	112				5S ribosomal RNA
PAE1_06133	rRNA	1551				16S ribosomal RNA
PAE1_06208	rRNA	112				5S ribosomal RNA
PAE1_06209	rRNA	2926				23S ribosomal RNA
PAE1_06211	rRNA	1551				16S ribosomal RNA
OCH3_01996	rRNA	110				5S ribosomal RNA
OCH3_01997	rRNA	2896				23S ribosomal RNA
OCH3_02000	rRNA	1480				16S ribosomal RNA
OCH3_02253	rRNA	110				5S ribosomal RNA
OCH3_02254	rRNA	2896				23S ribosomal RNA
OCH3_02257	rRNA	1480				16S ribosomal RNA
OCH3_02814	rRNA	110				5S ribosomal RNA
OCH3_02815	rRNA	2896				23S ribosomal RNA
OCH3_02818	rRNA	1480				16S ribosomal RNA
OCH3_03732	rRNA	1480				16S ribosomal RNA
OCH3_03735	rRNA	2896				23S ribosomal RNA
OCH3_03736	rRNA	110				5S ribosomal RNA
OCH2_01995	rRNA	110				5S ribosomal RNA
OCH2_01996	rRNA	2896				23S ribosomal RNA
OCH2_01999	rRNA	1480				16S ribosomal RNA
OCH2_02252	rRNA	110				5S ribosomal RNA
OCH2_02253	rRNA	2896				23S ribosomal RNA
OCH2_02256	rRNA	1480				16S ribosomal RNA
OCH2_02813	rRNA	110				5S ribosomal RNA
OCH2_02814	rRNA	2896				23S ribosomal RNA
OCH2_02817	rRNA	1480				16S ribosomal RNA
OCH2_03729	rRNA	1480				16S ribosomal RNA
OCH2_03732	rRNA	2896				23S ribosomal RNA
OCH2_03733	rRNA	110				5S ribosomal RNA
OCH1_01774	rRNA	110				5S ribosomal RNA
OCH1_01775	rRNA	2804				23S ribosomal RNA
OCH1_01778	rRNA	1479				16S ribosomal RNA
OCH1_02012	rRNA	110				5S ribosomal RNA
OCH1_02013	rRNA	2804				23S ribosomal RNA
OCH1_02016	rRNA	1479				16S ribosomal RNA
OCH1_02685	rRNA	110				5S ribosomal RNA
OCH1_02686	rRNA	2804				23S ribosomal RNA
OCH1_02689	rRNA	1479				16S ribosomal RNA
OCH1_02920	rRNA	110				5S ribosomal RNA
OCH1_02921	rRNA	2804				23S ribosomal RNA
OCH1_02924	rRNA	1479				16S ribosomal RNA
MIC4_02826	rRNA	110				5S ribosomal RNA
MIC4_02827	rRNA	3096				23S ribosomal RNA
MIC4_02828	rRNA	1520				16S ribosomal RNA
MIC4_03793	rRNA	110				5S ribosomal RNA
MIC4_03794	rRNA	3096				23S ribosomal RNA
MIC4_03795	rRNA	1520				16S ribosomal RNA
MIC4_03987	rRNA	110				5S ribosomal RNA
MIC4_03988	rRNA	3096				23S ribosomal RNA
MIC4_03989	rRNA	1520				16S ribosomal RNA
MIC3_01390	rRNA	1520				16S ribosomal RNA
MIC3_01391	rRNA	3106				23S ribosomal RNA
MIC3_01392	rRNA	110				5S ribosomal RNA
MIC3_02083	rRNA	110				5S ribosomal RNA
MIC3_02084	rRNA	3106				23S ribosomal RNA
MIC3_02085	rRNA	1520				16S ribosomal RNA
MIC3_02818	rRNA	110				5S ribosomal RNA
MIC3_02819	rRNA	3106				23S ribosomal RNA
MIC3_02820	rRNA	1520				16S ribosomal RNA
MIC2_00959	rRNA	1521				16S ribosomal RNA
MIC2_00960	rRNA	3102				23S ribosomal RNA
MIC2_00961	rRNA	110				5S ribosomal RNA
MIC2_01751	rRNA	110				5S ribosomal RNA
MIC2_01752	rRNA	3102				23S ribosomal RNA
MIC2_01753	rRNA	1521				16S ribosomal RNA
MIC1_02406	rRNA	110				5S ribosomal RNA
MIC1_02407	rRNA	3099				23S ribosomal RNA
MIC1_02408	rRNA	1523				16S ribosomal RNA
MIC1_03378	rRNA	110				5S ribosomal RNA
MIC1_03379	rRNA	3099				23S ribosomal RNA
MIC1_03380	rRNA	1523				16S ribosomal RNA
LYS2_00008	rRNA	1550				16S ribosomal RNA
LYS2_00011	rRNA	2924				23S ribosomal RNA
LYS2_00012	rRNA	110				5S ribosomal RNA
LYS2_00014	rRNA	1550				16S ribosomal RNA
LYS2_00015	rRNA	2924				23S ribosomal RNA
LYS2_00016	rRNA	110				5S ribosomal RNA
LYS2_00043	rRNA	1550				16S ribosomal RNA
LYS2_00044	rRNA	2924				23S ribosomal RNA
LYS2_00045	rRNA	110				5S ribosomal RNA
LYS2_00105	rRNA	1550				16S ribosomal RNA
LYS2_00108	rRNA	2924				23S ribosomal RNA
LYS2_00109	rRNA	110				5S ribosomal RNA
LYS2_00119	rRNA	1550				16S ribosomal RNA
LYS2_00122	rRNA	2924				23S ribosomal RNA
LYS2_00123	rRNA	110				5S ribosomal RNA
LYS2_00216	rRNA	1550				16S ribosomal RNA
LYS2_00217	rRNA	2924				23S ribosomal RNA
LYS2_00218	rRNA	109				5S ribosomal RNA
LYS2_00420	rRNA	1550				16S ribosomal RNA
LYS2_00421	rRNA	2924				23S ribosomal RNA
LYS2_00422	rRNA	110				5S ribosomal RNA
LYS2_03356	rRNA	110				5S ribosomal RNA
LYS2_03382	rRNA	110				5S ribosomal RNA
LYS2_03383	rRNA	2924				23S ribosomal RNA
LYS2_03384	rRNA	1550				16S ribosomal RNA
LYS2_03681	rRNA	110				5S ribosomal RNA
LYS2_03682	rRNA	2924				23S ribosomal RNA
LYS2_03683	rRNA	1550				16S ribosomal RNA
LYS2_03810	rRNA	110				5S ribosomal RNA
LYS2_03811	rRNA	2924				23S ribosomal RNA
LYS2_03812	rRNA	1550				16S ribosomal RNA
LYS2_03907	rRNA	110				5S ribosomal RNA
LYS2_03908	rRNA	2924				23S ribosomal RNA
LYS2_03909	rRNA	1550				16S ribosomal RNA
LYS2_04190	rRNA	109				5S ribosomal RNA
LYS2_04191	rRNA	2924				23S ribosomal RNA
LYS2_04192	rRNA	1550				16S ribosomal RNA
LYS1_00008	rRNA	1551				16S ribosomal RNA
LYS1_00011	rRNA	2924				23S ribosomal RNA
LYS1_00012	rRNA	110				5S ribosomal RNA
LYS1_00016	rRNA	1551				16S ribosomal RNA
LYS1_00017	rRNA	2924				23S ribosomal RNA
LYS1_00018	rRNA	110				5S ribosomal RNA
LYS1_00046	rRNA	1551				16S ribosomal RNA
LYS1_00047	rRNA	2924				23S ribosomal RNA
LYS1_00048	rRNA	110				5S ribosomal RNA
LYS1_00111	rRNA	1551				16S ribosomal RNA
LYS1_00112	rRNA	2924				23S ribosomal RNA
LYS1_00113	rRNA	109				5S ribosomal RNA
LYS1_00123	rRNA	1551				16S ribosomal RNA
LYS1_00126	rRNA	2924				23S ribosomal RNA
LYS1_00127	rRNA	110				5S ribosomal RNA
LYS1_00221	rRNA	1551				16S ribosomal RNA
LYS1_00222	rRNA	2924				23S ribosomal RNA
LYS1_00223	rRNA	110				5S ribosomal RNA
LYS1_00366	rRNA	1551				16S ribosomal RNA
LYS1_00367	rRNA	2924				23S ribosomal RNA
LYS1_00368	rRNA	110				5S ribosomal RNA
LYS1_00674	rRNA	1551				16S ribosomal RNA
LYS1_00675	rRNA	2924				23S ribosomal RNA
LYS1_00676	rRNA	110				5S ribosomal RNA
LYS1_03902	rRNA	110				5S ribosomal RNA
LYS1_03927	rRNA	110				5S ribosomal RNA
LYS1_03928	rRNA	2924				23S ribosomal RNA
LYS1_03929	rRNA	1551				16S ribosomal RNA
LYS1_04282	rRNA	110				5S ribosomal RNA
LYS1_04283	rRNA	2924				23S ribosomal RNA
LYS1_04284	rRNA	1551				16S ribosomal RNA
LYS1_04400	rRNA	110				5S ribosomal RNA
LYS1_04401	rRNA	2924				23S ribosomal RNA
LYS1_04402	rRNA	1551				16S ribosomal RNA
LYS1_04474	rRNA	110				5S ribosomal RNA
LYS1_04475	rRNA	2924				23S ribosomal RNA
LYS1_04476	rRNA	1551				16S ribosomal RNA
LYS1_04790	rRNA	110				5S ribosomal RNA
LYS1_04791	rRNA	2924				23S ribosomal RNA
LYS1_04792	rRNA	1551				16S ribosomal RNA
KOS2_00431	rRNA	1536				16S ribosomal RNA
KOS2_00434	rRNA	2905				23S ribosomal RNA
KOS2_00435	rRNA	111				5S ribosomal RNA
KOS2_00437	rRNA	111				5S ribosomal RNA
KOS2_01244	rRNA	1536				16S ribosomal RNA
KOS2_01246	rRNA	2905				23S ribosomal RNA
KOS2_01247	rRNA	111				5S ribosomal RNA
KOS2_03786	rRNA	111				5S ribosomal RNA
KOS2_03787	rRNA	2905				23S ribosomal RNA
KOS2_03789	rRNA	1536				16S ribosomal RNA
KOS2_04398	rRNA	111				5S ribosomal RNA
KOS2_04399	rRNA	2905				23S ribosomal RNA
KOS2_04401	rRNA	1536				16S ribosomal RNA
KOS2_04439	rRNA	111				5S ribosomal RNA
KOS2_04440	rRNA	2905				23S ribosomal RNA
KOS2_04443	rRNA	1536				16S ribosomal RNA
KOS2_04524	rRNA	111				5S ribosomal RNA
KOS2_04525	rRNA	2905				23S ribosomal RNA
KOS2_04528	rRNA	1536				16S ribosomal RNA
KOS2_04633	rRNA	111				5S ribosomal RNA
KOS2_04634	rRNA	2905				23S ribosomal RNA
KOS2_04636	rRNA	1536				16S ribosomal RNA
KOS1_00393	rRNA	1538				16S ribosomal RNA
KOS1_00395	rRNA	2904				23S ribosomal RNA
KOS1_00396	rRNA	111				5S ribosomal RNA
KOS1_00398	rRNA	111				5S ribosomal RNA
KOS1_01138	rRNA	1538				16S ribosomal RNA
KOS1_01140	rRNA	2904				23S ribosomal RNA
KOS1_01141	rRNA	111				5S ribosomal RNA
KOS1_03588	rRNA	111				5S ribosomal RNA
KOS1_03589	rRNA	2904				23S ribosomal RNA
KOS1_03592	rRNA	1538				16S ribosomal RNA
KOS1_04172	rRNA	111				5S ribosomal RNA
KOS1_04173	rRNA	2904				23S ribosomal RNA
KOS1_04175	rRNA	1538				16S ribosomal RNA
KOS1_04211	rRNA	111				5S ribosomal RNA
KOS1_04212	rRNA	2904				23S ribosomal RNA
KOS1_04215	rRNA	1538				16S ribosomal RNA
KOS1_04303	rRNA	111				5S ribosomal RNA
KOS1_04304	rRNA	2904				23S ribosomal RNA
KOS1_04307	rRNA	1538				16S ribosomal RNA
KOS1_04397	rRNA	111				5S ribosomal RNA
KOS1_04398	rRNA	2904				23S ribosomal RNA
KOS1_04400	rRNA	1538				16S ribosomal RNA
KLE4_00442	rRNA	1536				16S ribosomal RNA
KLE4_00443	rRNA	2903				23S ribosomal RNA
KLE4_00444	rRNA	111				5S ribosomal RNA
KLE4_00446	rRNA	110				5S ribosomal RNA
KLE4_01264	rRNA	1536				16S ribosomal RNA
KLE4_01266	rRNA	2903				23S ribosomal RNA
KLE4_01267	rRNA	111				5S ribosomal RNA
KLE4_04386	rRNA	111				5S ribosomal RNA
KLE4_04387	rRNA	2903				23S ribosomal RNA
KLE4_04390	rRNA	1536				16S ribosomal RNA
KLE4_04770	rRNA	111				5S ribosomal RNA
KLE4_04771	rRNA	2902				23S ribosomal RNA
KLE4_04773	rRNA	1536				16S ribosomal RNA
KLE4_05102	rRNA	111				5S ribosomal RNA
KLE4_05103	rRNA	2902				23S ribosomal RNA
KLE4_05105	rRNA	1536				16S ribosomal RNA
KLE4_05145	rRNA	111				5S ribosomal RNA
KLE4_05146	rRNA	2902				23S ribosomal RNA
KLE4_05149	rRNA	1536				16S ribosomal RNA
KLE4_05238	rRNA	111				5S ribosomal RNA
KLE4_05239	rRNA	2902				23S ribosomal RNA
KLE4_05242	rRNA	1536				16S ribosomal RNA
KLE4_05340	rRNA	111				5S ribosomal RNA
KLE4_05341	rRNA	2902				23S ribosomal RNA
KLE4_05343	rRNA	1536				16S ribosomal RNA
KLE3_00433	rRNA	1536				16S ribosomal RNA
KLE3_00434	rRNA	2901				23S ribosomal RNA
KLE3_00435	rRNA	111				5S ribosomal RNA
KLE3_00437	rRNA	110				5S ribosomal RNA
KLE3_01177	rRNA	1536				16S ribosomal RNA
KLE3_01179	rRNA	2902				23S ribosomal RNA
KLE3_01180	rRNA	111				5S ribosomal RNA
KLE3_04187	rRNA	111				5S ribosomal RNA
KLE3_04188	rRNA	2902				23S ribosomal RNA
KLE3_04191	rRNA	1536				16S ribosomal RNA
KLE3_04533	rRNA	111				5S ribosomal RNA
KLE3_04534	rRNA	2902				23S ribosomal RNA
KLE3_04536	rRNA	1536				16S ribosomal RNA
KLE3_04873	rRNA	111				5S ribosomal RNA
KLE3_04874	rRNA	2902				23S ribosomal RNA
KLE3_04876	rRNA	1536				16S ribosomal RNA
KLE3_04915	rRNA	111				5S ribosomal RNA
KLE3_04916	rRNA	2901				23S ribosomal RNA
KLE3_04919	rRNA	1536				16S ribosomal RNA
KLE3_05003	rRNA	111				5S ribosomal RNA
KLE3_05004	rRNA	2901				23S ribosomal RNA
KLE3_05007	rRNA	1536				16S ribosomal RNA
KLE3_05106	rRNA	111				5S ribosomal RNA
KLE3_05107	rRNA	2902				23S ribosomal RNA
KLE3_05109	rRNA	1536				16S ribosomal RNA
KLE2_00431	rRNA	1536				16S ribosomal RNA
KLE2_00432	rRNA	2902				23S ribosomal RNA
KLE2_00433	rRNA	111				5S ribosomal RNA
KLE2_00435	rRNA	110				5S ribosomal RNA
KLE2_01223	rRNA	1536				16S ribosomal RNA
KLE2_01225	rRNA	2903				23S ribosomal RNA
KLE2_01226	rRNA	111				5S ribosomal RNA
KLE2_04229	rRNA	111				5S ribosomal RNA
KLE2_04230	rRNA	2902				23S ribosomal RNA
KLE2_04233	rRNA	1536				16S ribosomal RNA
KLE2_04604	rRNA	111				5S ribosomal RNA
KLE2_04605	rRNA	2902				23S ribosomal RNA
KLE2_04607	rRNA	1536				16S ribosomal RNA
KLE2_04927	rRNA	111				5S ribosomal RNA
KLE2_04928	rRNA	2902				23S ribosomal RNA
KLE2_04930	rRNA	1536				16S ribosomal RNA
KLE2_04969	rRNA	111				5S ribosomal RNA
KLE2_04970	rRNA	2902				23S ribosomal RNA
KLE2_04973	rRNA	1536				16S ribosomal RNA
KLE2_05057	rRNA	111				5S ribosomal RNA
KLE2_05058	rRNA	2902				23S ribosomal RNA
KLE2_05061	rRNA	1536				16S ribosomal RNA
KLE2_05156	rRNA	111				5S ribosomal RNA
KLE2_05157	rRNA	2902				23S ribosomal RNA
KLE2_05159	rRNA	1536				16S ribosomal RNA
KLE1_00458	rRNA	1536				16S ribosomal RNA
KLE1_00460	rRNA	2903				23S ribosomal RNA
KLE1_00461	rRNA	111				5S ribosomal RNA
KLE1_00463	rRNA	111				5S ribosomal RNA
KLE1_01316	rRNA	1536				16S ribosomal RNA
KLE1_01318	rRNA	2903				23S ribosomal RNA
KLE1_01319	rRNA	111				5S ribosomal RNA
KLE1_04408	rRNA	111				5S ribosomal RNA
KLE1_04409	rRNA	2903				23S ribosomal RNA
KLE1_04412	rRNA	1536				16S ribosomal RNA
KLE1_04803	rRNA	111				5S ribosomal RNA
KLE1_04804	rRNA	3017				23S ribosomal RNA
KLE1_04806	rRNA	1536				16S ribosomal RNA
KLE1_05224	rRNA	111				5S ribosomal RNA
KLE1_05225	rRNA	2903				23S ribosomal RNA
KLE1_05227	rRNA	1536				16S ribosomal RNA
KLE1_05266	rRNA	111				5S ribosomal RNA
KLE1_05267	rRNA	2903				23S ribosomal RNA
KLE1_05270	rRNA	1536				16S ribosomal RNA
KLE1_05367	rRNA	111				5S ribosomal RNA
KLE1_05368	rRNA	2903				23S ribosomal RNA
KLE1_05371	rRNA	1536				16S ribosomal RNA
KLE1_05486	rRNA	111				5S ribosomal RNA
KLE1_05487	rRNA	2903				23S ribosomal RNA
KLE1_05488	rRNA	1536				16S ribosomal RNA
HER1_00417	rRNA	1529				16S ribosomal RNA
HER1_00420	rRNA	2868				23S ribosomal RNA
HER1_03833	rRNA	2868				23S ribosomal RNA
HER1_03836	rRNA	1529				16S ribosomal RNA
HER1_04734	rRNA	2868				23S ribosomal RNA
HER1_04737	rRNA	1529				16S ribosomal RNA
FLA6_00413	rRNA	105				5S ribosomal RNA
FLA6_00414	rRNA	2863				23S ribosomal RNA
FLA6_00417	rRNA	1514				16S ribosomal RNA
FLA6_00870	rRNA	105				5S ribosomal RNA
FLA6_00871	rRNA	2863				23S ribosomal RNA
FLA6_00874	rRNA	1514				16S ribosomal RNA
FLA6_01369	rRNA	1514				16S ribosomal RNA
FLA6_01372	rRNA	2863				23S ribosomal RNA
FLA6_01373	rRNA	105				5S ribosomal RNA
FLA6_01616	rRNA	1514				16S ribosomal RNA
FLA6_01619	rRNA	2863				23S ribosomal RNA
FLA6_01620	rRNA	105				5S ribosomal RNA
FLA6_01864	rRNA	1514				16S ribosomal RNA
FLA6_01867	rRNA	2863				23S ribosomal RNA
FLA6_01868	rRNA	105				5S ribosomal RNA
FLA5_00491	rRNA	105				5S ribosomal RNA
FLA5_00492	rRNA	2863				23S ribosomal RNA
FLA5_00495	rRNA	1514				16S ribosomal RNA
FLA5_01021	rRNA	1514				16S ribosomal RNA
FLA5_01024	rRNA	2863				23S ribosomal RNA
FLA5_01025	rRNA	105				5S ribosomal RNA
FLA5_01500	rRNA	1514				16S ribosomal RNA
FLA5_01503	rRNA	2863				23S ribosomal RNA
FLA5_01504	rRNA	105				5S ribosomal RNA
FLA5_01626	rRNA	1514				16S ribosomal RNA
FLA5_01629	rRNA	2863				23S ribosomal RNA
FLA5_01630	rRNA	105				5S ribosomal RNA
FLA5_01874	rRNA	1514				16S ribosomal RNA
FLA5_01877	rRNA	2863				23S ribosomal RNA
FLA5_01878	rRNA	105				5S ribosomal RNA
FLA4_00022	rRNA	105				5S ribosomal RNA
FLA4_00023	rRNA	2867				23S ribosomal RNA
FLA4_00026	rRNA	1511				16S ribosomal RNA
FLA4_00471	rRNA	105				5S ribosomal RNA
FLA4_00472	rRNA	2867				23S ribosomal RNA
FLA4_00475	rRNA	1511				16S ribosomal RNA
FLA4_00478	rRNA	105				5S ribosomal RNA
FLA4_00479	rRNA	2867				23S ribosomal RNA
FLA4_00482	rRNA	1511				16S ribosomal RNA
FLA4_02032	rRNA	1511				16S ribosomal RNA
FLA4_02035	rRNA	2867				23S ribosomal RNA
FLA4_02036	rRNA	105				5S ribosomal RNA
FLA4_03481	rRNA	105				5S ribosomal RNA
FLA4_03482	rRNA	2867				23S ribosomal RNA
FLA4_03485	rRNA	1511				16S ribosomal RNA
FLA4_03622	rRNA	105				5S ribosomal RNA
FLA4_03623	rRNA	2867				23S ribosomal RNA
FLA4_03626	rRNA	1511				16S ribosomal RNA
FLA3_00020	rRNA	104				5S ribosomal RNA
FLA3_00021	rRNA	2869				23S ribosomal RNA
FLA3_00024	rRNA	1510				16S ribosomal RNA
FLA3_00482	rRNA	104				5S ribosomal RNA
FLA3_00483	rRNA	2869				23S ribosomal RNA
FLA3_00486	rRNA	1510				16S ribosomal RNA
FLA3_02035	rRNA	1510				16S ribosomal RNA
FLA3_02038	rRNA	2869				23S ribosomal RNA
FLA3_02039	rRNA	104				5S ribosomal RNA
FLA3_03378	rRNA	104				5S ribosomal RNA
FLA3_03379	rRNA	2869				23S ribosomal RNA
FLA3_03382	rRNA	1510				16S ribosomal RNA
FLA3_04114	rRNA	104				5S ribosomal RNA
FLA3_04115	rRNA	2869				23S ribosomal RNA
FLA3_04118	rRNA	1510				16S ribosomal RNA
FLA2_00020	rRNA	104				5S ribosomal RNA
FLA2_00021	rRNA	2867				23S ribosomal RNA
FLA2_00024	rRNA	1511				16S ribosomal RNA
FLA2_00472	rRNA	104				5S ribosomal RNA
FLA2_00473	rRNA	2867				23S ribosomal RNA
FLA2_00476	rRNA	1511				16S ribosomal RNA
FLA2_00478	rRNA	104				5S ribosomal RNA
FLA2_00479	rRNA	2867				23S ribosomal RNA
FLA2_00482	rRNA	1511				16S ribosomal RNA
FLA2_01993	rRNA	1511				16S ribosomal RNA
FLA2_01996	rRNA	2867				23S ribosomal RNA
FLA2_01997	rRNA	104				5S ribosomal RNA
FLA2_03442	rRNA	104				5S ribosomal RNA
FLA2_03443	rRNA	2867				23S ribosomal RNA
FLA2_03446	rRNA	1511				16S ribosomal RNA
FLA2_03570	rRNA	104				5S ribosomal RNA
FLA2_03571	rRNA	2867				23S ribosomal RNA
FLA2_03574	rRNA	1511				16S ribosomal RNA
FLA1_00021	rRNA	105				5S ribosomal RNA
FLA1_00022	rRNA	2867				23S ribosomal RNA
FLA1_00025	rRNA	1511				16S ribosomal RNA
FLA1_00449	rRNA	105				5S ribosomal RNA
FLA1_00450	rRNA	2867				23S ribosomal RNA
FLA1_00453	rRNA	1511				16S ribosomal RNA
FLA1_00456	rRNA	105				5S ribosomal RNA
FLA1_00457	rRNA	2867				23S ribosomal RNA
FLA1_00460	rRNA	1511				16S ribosomal RNA
FLA1_01901	rRNA	1511				16S ribosomal RNA
FLA1_01904	rRNA	2867				23S ribosomal RNA
FLA1_01905	rRNA	105				5S ribosomal RNA
FLA1_03257	rRNA	105				5S ribosomal RNA
FLA1_03258	rRNA	2867				23S ribosomal RNA
FLA1_03261	rRNA	1511				16S ribosomal RNA
FIC1_00468	rRNA	1536				16S ribosomal RNA
FIC1_00470	rRNA	2905				23S ribosomal RNA
FIC1_00471	rRNA	111				5S ribosomal RNA
FIC1_00473	rRNA	111				5S ribosomal RNA
FIC1_01140	rRNA	1536				16S ribosomal RNA
FIC1_01142	rRNA	2905				23S ribosomal RNA
FIC1_01143	rRNA	111				5S ribosomal RNA
FIC1_03736	rRNA	111				5S ribosomal RNA
FIC1_03737	rRNA	2905				23S ribosomal RNA
FIC1_03740	rRNA	1536				16S ribosomal RNA
FIC1_04039	rRNA	111				5S ribosomal RNA
FIC1_04040	rRNA	2905				23S ribosomal RNA
FIC1_04043	rRNA	1536				16S ribosomal RNA
FIC1_04357	rRNA	111				5S ribosomal RNA
FIC1_04358	rRNA	2905				23S ribosomal RNA
FIC1_04360	rRNA	1536				16S ribosomal RNA
FIC1_04398	rRNA	111				5S ribosomal RNA
FIC1_04399	rRNA	2905				23S ribosomal RNA
FIC1_04401	rRNA	1536				16S ribosomal RNA
FIC1_04500	rRNA	111				5S ribosomal RNA
FIC1_04501	rRNA	2905				23S ribosomal RNA
FIC1_04504	rRNA	1536				16S ribosomal RNA
FIC1_04600	rRNA	111				5S ribosomal RNA
FIC1_04601	rRNA	2905				23S ribosomal RNA
FIC1_04602	rRNA	1536				16S ribosomal RNA
FAL1_00009	rRNA	1549				16S ribosomal RNA
FAL1_00012	rRNA	2931				23S ribosomal RNA
FAL1_00013	rRNA	110				5S ribosomal RNA
FAL1_00033	rRNA	1549				16S ribosomal RNA
FAL1_00036	rRNA	2931				23S ribosomal RNA
FAL1_00037	rRNA	110				5S ribosomal RNA
FAL1_00098	rRNA	1549				16S ribosomal RNA
FAL1_00099	rRNA	2931				23S ribosomal RNA
FAL1_00100	rRNA	110				5S ribosomal RNA
FAL1_00110	rRNA	1549				16S ribosomal RNA
FAL1_00111	rRNA	2931				23S ribosomal RNA
FAL1_00112	rRNA	110				5S ribosomal RNA
FAL1_00190	rRNA	1549				16S ribosomal RNA
FAL1_00191	rRNA	2931				23S ribosomal RNA
FAL1_00192	rRNA	110				5S ribosomal RNA
FAL1_00326	rRNA	1549				16S ribosomal RNA
FAL1_00327	rRNA	2931				23S ribosomal RNA
FAL1_00328	rRNA	110				5S ribosomal RNA
FAL1_00395	rRNA	1549				16S ribosomal RNA
FAL1_00396	rRNA	2931				23S ribosomal RNA
FAL1_00397	rRNA	110				5S ribosomal RNA
FAL1_01013	rRNA	1549				16S ribosomal RNA
FAL1_01014	rRNA	2931				23S ribosomal RNA
FAL1_01015	rRNA	110				5S ribosomal RNA
FAL1_03240	rRNA	110				5S ribosomal RNA
FAL1_03241	rRNA	2931				23S ribosomal RNA
FAL1_03242	rRNA	1549				16S ribosomal RNA
ENT3_00206	rRNA	1536				16S ribosomal RNA
ENT3_00207	rRNA	2902				23S ribosomal RNA
ENT3_00208	rRNA	111				5S ribosomal RNA
ENT3_00334	rRNA	1536				16S ribosomal RNA
ENT3_00336	rRNA	2902				23S ribosomal RNA
ENT3_00337	rRNA	111				5S ribosomal RNA
ENT3_00802	rRNA	1536				16S ribosomal RNA
ENT3_00805	rRNA	2902				23S ribosomal RNA
ENT3_00806	rRNA	111				5S ribosomal RNA
ENT3_03420	rRNA	111				5S ribosomal RNA
ENT3_03421	rRNA	2902				23S ribosomal RNA
ENT3_03423	rRNA	1536				16S ribosomal RNA
ENT3_04070	rRNA	111				5S ribosomal RNA
ENT3_04072	rRNA	111				5S ribosomal RNA
ENT3_04073	rRNA	2902				23S ribosomal RNA
ENT3_04075	rRNA	1536				16S ribosomal RNA
ENT3_04279	rRNA	111				5S ribosomal RNA
ENT3_04280	rRNA	2902				23S ribosomal RNA
ENT3_04283	rRNA	1536				16S ribosomal RNA
ENT3_04361	rRNA	111				5S ribosomal RNA
ENT3_04362	rRNA	2902				23S ribosomal RNA
ENT3_04365	rRNA	1536				16S ribosomal RNA
ENT3_04456	rRNA	111				5S ribosomal RNA
ENT3_04457	rRNA	2902				23S ribosomal RNA
ENT3_04459	rRNA	1536				16S ribosomal RNA
ENT2_00228	rRNA	1536				16S ribosomal RNA
ENT2_00229	rRNA	2903				23S ribosomal RNA
ENT2_00230	rRNA	111				5S ribosomal RNA
ENT2_00334	rRNA	1536				16S ribosomal RNA
ENT2_00336	rRNA	2902				23S ribosomal RNA
ENT2_00337	rRNA	111				5S ribosomal RNA
ENT2_00835	rRNA	1536				16S ribosomal RNA
ENT2_00838	rRNA	2902				23S ribosomal RNA
ENT2_00839	rRNA	111				5S ribosomal RNA
ENT2_03382	rRNA	111				5S ribosomal RNA
ENT2_03383	rRNA	2903				23S ribosomal RNA
ENT2_03385	rRNA	1536				16S ribosomal RNA
ENT2_04050	rRNA	111				5S ribosomal RNA
ENT2_04052	rRNA	111				5S ribosomal RNA
ENT2_04053	rRNA	2902				23S ribosomal RNA
ENT2_04055	rRNA	1536				16S ribosomal RNA
ENT2_04296	rRNA	111				5S ribosomal RNA
ENT2_04297	rRNA	2903				23S ribosomal RNA
ENT2_04300	rRNA	1536				16S ribosomal RNA
ENT2_04377	rRNA	111				5S ribosomal RNA
ENT2_04378	rRNA	2902				23S ribosomal RNA
ENT2_04381	rRNA	1536				16S ribosomal RNA
ENT2_04477	rRNA	111				5S ribosomal RNA
ENT2_04478	rRNA	2902				23S ribosomal RNA
ENT2_04480	rRNA	1536				16S ribosomal RNA
ENT1_00212	rRNA	1536				16S ribosomal RNA
ENT1_00214	rRNA	2903				23S ribosomal RNA
ENT1_00215	rRNA	111				5S ribosomal RNA
ENT1_00341	rRNA	1536				16S ribosomal RNA
ENT1_00342	rRNA	2903				23S ribosomal RNA
ENT1_00343	rRNA	111				5S ribosomal RNA
ENT1_00823	rRNA	1536				16S ribosomal RNA
ENT1_00826	rRNA	2903				23S ribosomal RNA
ENT1_00827	rRNA	111				5S ribosomal RNA
ENT1_03407	rRNA	111				5S ribosomal RNA
ENT1_03408	rRNA	2903				23S ribosomal RNA
ENT1_03410	rRNA	1536				16S ribosomal RNA
ENT1_04123	rRNA	111				5S ribosomal RNA
ENT1_04125	rRNA	111				5S ribosomal RNA
ENT1_04126	rRNA	2903				23S ribosomal RNA
ENT1_04128	rRNA	1536				16S ribosomal RNA
ENT1_04327	rRNA	111				5S ribosomal RNA
ENT1_04328	rRNA	2903				23S ribosomal RNA
ENT1_04331	rRNA	1536				16S ribosomal RNA
ENT1_04416	rRNA	111				5S ribosomal RNA
ENT1_04417	rRNA	2903				23S ribosomal RNA
ENT1_04420	rRNA	1536				16S ribosomal RNA
ENT1_04526	rRNA	111				5S ribosomal RNA
ENT1_04527	rRNA	2903				23S ribosomal RNA
ENT1_04529	rRNA	1536				16S ribosomal RNA
ENS1_02768	rRNA	108				5S ribosomal RNA
ENS1_02769	rRNA	2785				23S ribosomal RNA
ENS1_02772	rRNA	1482				16S ribosomal RNA
ENS1_03177	rRNA	108				5S ribosomal RNA
ENS1_03178	rRNA	2785				23S ribosomal RNA
ENS1_03181	rRNA	1482				16S ribosomal RNA
ENS1_03582	rRNA	1482				16S ribosomal RNA
ENS1_03585	rRNA	2785				23S ribosomal RNA
ENS1_03586	rRNA	108				5S ribosomal RNA
ENS1_05274	rRNA	1482				16S ribosomal RNA
ENS1_05277	rRNA	2785				23S ribosomal RNA
ENS1_05278	rRNA	108				5S ribosomal RNA
ENS1_06133	rRNA	108				5S ribosomal RNA
ENS1_06134	rRNA	2785				23S ribosomal RNA
ENS1_06137	rRNA	1482				16S ribosomal RNA
EMP1_00074	rRNA	1514				16S ribosomal RNA
EMP1_00077	rRNA	2774				23S ribosomal RNA
EMP1_00078	rRNA	103				5S ribosomal RNA
EMP1_00186	rRNA	1514				16S ribosomal RNA
EMP1_00189	rRNA	2774				23S ribosomal RNA
EMP1_00190	rRNA	103				5S ribosomal RNA
EMP1_01740	rRNA	103				5S ribosomal RNA
EMP1_01741	rRNA	2774				23S ribosomal RNA
EMP1_01744	rRNA	1514				16S ribosomal RNA
EMP1_01872	rRNA	103				5S ribosomal RNA
EMP1_01873	rRNA	2774				23S ribosomal RNA
EMP1_01876	rRNA	1514				16S ribosomal RNA
EMP1_02480	rRNA	103				5S ribosomal RNA
EMP1_02481	rRNA	2774				23S ribosomal RNA
EMP1_02484	rRNA	1514				16S ribosomal RNA
EMP1_02890	rRNA	103				5S ribosomal RNA
EMP1_02891	rRNA	2774				23S ribosomal RNA
EMP1_02894	rRNA	1514				16S ribosomal RNA
EMP1_03160	rRNA	1514				16S ribosomal RNA
EMP1_03163	rRNA	2774				23S ribosomal RNA
EMP1_03164	rRNA	103				5S ribosomal RNA
EMP2_00273	rRNA	1514				16S ribosomal RNA
EMP2_00276	rRNA	2778				23S ribosomal RNA
EMP2_00277	rRNA	103				5S ribosomal RNA
EMP2_01144	rRNA	1514				16S ribosomal RNA
EMP2_01147	rRNA	2778				23S ribosomal RNA
EMP2_01148	rRNA	103				5S ribosomal RNA
EMP2_01149	rRNA	86				5S ribosomal RNA (partial)
EMP2_02311	rRNA	103				5S ribosomal RNA
EMP2_02312	rRNA	2778				23S ribosomal RNA
EMP2_02315	rRNA	1514				16S ribosomal RNA
EMP2_02679	rRNA	103				5S ribosomal RNA
EMP2_02680	rRNA	2778				23S ribosomal RNA
EMP2_02683	rRNA	1514				16S ribosomal RNA
EMP2_02769	rRNA	103				5S ribosomal RNA
EMP2_02770	rRNA	2778				23S ribosomal RNA
EMP2_02773	rRNA	1514				16S ribosomal RNA
EMP2_03092	rRNA	103				5S ribosomal RNA
EMP2_03093	rRNA	2778				23S ribosomal RNA
EMP2_03096	rRNA	1514				16S ribosomal RNA
EMP2_03350	rRNA	1514				16S ribosomal RNA
EMP2_03353	rRNA	2778				23S ribosomal RNA
EMP2_03354	rRNA	103				5S ribosomal RNA
DEL2_00616	rRNA	1529				16S ribosomal RNA
DEL2_00619	rRNA	2873				23S ribosomal RNA
DEL2_00620	rRNA	107				5S ribosomal RNA
DEL2_00621	rRNA	1529				16S ribosomal RNA
DEL2_00624	rRNA	2873				23S ribosomal RNA
DEL2_00625	rRNA	107				5S ribosomal RNA
DEL2_02292	rRNA	1529				16S ribosomal RNA
DEL2_02295	rRNA	2873				23S ribosomal RNA
DEL2_02296	rRNA	107				5S ribosomal RNA
DEL2_05563	rRNA	107				5S ribosomal RNA
DEL2_05564	rRNA	2873				23S ribosomal RNA
DEL2_05567	rRNA	1529				16S ribosomal RNA
CUR1_01184	rRNA	1520				16S ribosomal RNA
CUR1_01185	rRNA	3124				23S ribosomal RNA
CUR1_01186	rRNA	110				5S ribosomal RNA
CUR1_02035	rRNA	110				5S ribosomal RNA
CUR1_02036	rRNA	3124				23S ribosomal RNA
CUR1_02037	rRNA	1520				16S ribosomal RNA
CUR1_02861	rRNA	110				5S ribosomal RNA
CUR1_02862	rRNA	3124				23S ribosomal RNA
CUR1_02863	rRNA	1520				16S ribosomal RNA
CUR1_02866	rRNA	110				5S ribosomal RNA
CUR1_02867	rRNA	3124				23S ribosomal RNA
CUR1_02868	rRNA	1520				16S ribosomal RNA
DEL1_00598	rRNA	1529				16S ribosomal RNA
DEL1_00601	rRNA	2873				23S ribosomal RNA
DEL1_00602	rRNA	107				5S ribosomal RNA
DEL1_00603	rRNA	1529				16S ribosomal RNA
DEL1_00606	rRNA	2873				23S ribosomal RNA
DEL1_00607	rRNA	107				5S ribosomal RNA
DEL1_03971	rRNA	107				5S ribosomal RNA
DEL1_03972	rRNA	2873				23S ribosomal RNA
DEL1_03975	rRNA	1529				16S ribosomal RNA
DEL1_05680	rRNA	107				5S ribosomal RNA
DEL1_05681	rRNA	2873				23S ribosomal RNA
DEL1_05684	rRNA	1529				16S ribosomal RNA
DEL1_05685	rRNA	107				5S ribosomal RNA
DEL1_05686	rRNA	2873				23S ribosomal RNA
DEL1_05689	rRNA	1529				16S ribosomal RNA
CHR8_03090	rRNA	98				5S ribosomal RNA
CHR8_03091	rRNA	2740				23S ribosomal RNA
CHR8_03094	rRNA	1513				16S ribosomal RNA
CHR8_03332	rRNA	98				5S ribosomal RNA
CHR8_03333	rRNA	2740				23S ribosomal RNA
CHR8_03336	rRNA	1513				16S ribosomal RNA
CHR8_04055	rRNA	1513				16S ribosomal RNA
CHR8_04058	rRNA	2740				23S ribosomal RNA
CHR8_04059	rRNA	98				5S ribosomal RNA
CHR8_04060	rRNA	1513				16S ribosomal RNA
CHR8_04063	rRNA	2740				23S ribosomal RNA
CHR8_04064	rRNA	98				5S ribosomal RNA
CHR8_04182	rRNA	1513				16S ribosomal RNA
CHR8_04185	rRNA	2740				23S ribosomal RNA
CHR8_04186	rRNA	98				5S ribosomal RNA
CUP1_01514	rRNA	1528				16S ribosomal RNA
CUP1_01515	rRNA	3075				23S ribosomal RNA
CUP1_01516	rRNA	108				5S ribosomal RNA
CUP1_02828	rRNA	108				5S ribosomal RNA
CUP1_02829	rRNA	2876				23S ribosomal RNA
CUP1_02832	rRNA	1528				16S ribosomal RNA
CUP1_03039	rRNA	108				5S ribosomal RNA
CUP1_03040	rRNA	2876				23S ribosomal RNA
CUP1_03043	rRNA	1528				16S ribosomal RNA
CUP1_04807	rRNA	1528				16S ribosomal RNA
CUP1_04810	rRNA	2982				23S ribosomal RNA
CUP1_04811	rRNA	108				5S ribosomal RNA
CUP1_05396	rRNA	1528				16S ribosomal RNA
CUP1_05399	rRNA	3075				23S ribosomal RNA
CUP1_05400	rRNA	108				5S ribosomal RNA
CUP3_01407	rRNA	1530				16S ribosomal RNA
CUP3_01408	rRNA	2878				23S ribosomal RNA
CUP3_01409	rRNA	109				5S ribosomal RNA
CUP3_02855	rRNA	109				5S ribosomal RNA
CUP3_02856	rRNA	2878				23S ribosomal RNA
CUP3_02859	rRNA	1530				16S ribosomal RNA
CUP3_03066	rRNA	109				5S ribosomal RNA
CUP3_03067	rRNA	2878				23S ribosomal RNA
CUP3_03070	rRNA	1530				16S ribosomal RNA
CUP3_03741	rRNA	1530				16S ribosomal RNA
CUP3_03744	rRNA	2878				23S ribosomal RNA
CUP3_03745	rRNA	109				5S ribosomal RNA
CUP3_03985	rRNA	1530				16S ribosomal RNA
CUP3_03986	rRNA	2878				23S ribosomal RNA
CUP3_03987	rRNA	109				5S ribosomal RNA
CUP3_04251	rRNA	1530				16S ribosomal RNA
CUP3_04254	rRNA	2878				23S ribosomal RNA
CUP3_04255	rRNA	109				5S ribosomal RNA
CHR6_02831	rRNA	89				5S ribosomal RNA (partial)
CHR6_02832	rRNA	2745				23S ribosomal RNA
CHR6_02835	rRNA	1513				16S ribosomal RNA
CHR6_03075	rRNA	89				5S ribosomal RNA (partial)
CHR6_03076	rRNA	2745				23S ribosomal RNA
CHR6_03079	rRNA	1513				16S ribosomal RNA
CHR6_03777	rRNA	1513				16S ribosomal RNA
CHR6_03780	rRNA	2745				23S ribosomal RNA
CHR6_03781	rRNA	89				5S ribosomal RNA (partial)
CHR6_03782	rRNA	1513				16S ribosomal RNA
CHR6_03785	rRNA	2745				23S ribosomal RNA
CHR6_03786	rRNA	89				5S ribosomal RNA (partial)
CHR6_03902	rRNA	1513				16S ribosomal RNA
CHR6_03905	rRNA	2745				23S ribosomal RNA
CHR6_03906	rRNA	89				5S ribosomal RNA (partial)
CHR6_04293	rRNA	1513				16S ribosomal RNA
CHR6_04296	rRNA	2745				23S ribosomal RNA
CHR6_04297	rRNA	89				5S ribosomal RNA (partial)
CHR7_02656	rRNA	98				5S ribosomal RNA
CHR7_02657	rRNA	2740				23S ribosomal RNA
CHR7_02660	rRNA	1513				16S ribosomal RNA
CHR7_02898	rRNA	98				5S ribosomal RNA
CHR7_02899	rRNA	2740				23S ribosomal RNA
CHR7_02902	rRNA	1513				16S ribosomal RNA
CHR7_03620	rRNA	1513				16S ribosomal RNA
CHR7_03623	rRNA	2740				23S ribosomal RNA
CHR7_03624	rRNA	98				5S ribosomal RNA
CHR7_03625	rRNA	1513				16S ribosomal RNA
CHR7_03628	rRNA	2740				23S ribosomal RNA
CHR7_03629	rRNA	98				5S ribosomal RNA
CHR7_03747	rRNA	1513				16S ribosomal RNA
CHR7_03750	rRNA	2740				23S ribosomal RNA
CHR7_03751	rRNA	98				5S ribosomal RNA
CHR7_04158	rRNA	1513				16S ribosomal RNA
CHR7_04161	rRNA	2740				23S ribosomal RNA
CHR7_04162	rRNA	98				5S ribosomal RNA
CUP2_01661	rRNA	1528				16S ribosomal RNA
CUP2_01662	rRNA	2878				23S ribosomal RNA
CUP2_01663	rRNA	108				5S ribosomal RNA
CUP2_03203	rRNA	108				5S ribosomal RNA
CUP2_03204	rRNA	2878				23S ribosomal RNA
CUP2_03207	rRNA	1528				16S ribosomal RNA
CUP2_03420	rRNA	108				5S ribosomal RNA
CUP2_03421	rRNA	2878				23S ribosomal RNA
CUP2_03424	rRNA	1528				16S ribosomal RNA
CUP2_04272	rRNA	1528				16S ribosomal RNA
CUP2_04275	rRNA	2878				23S ribosomal RNA
CUP2_04276	rRNA	108				5S ribosomal RNA
CUP2_06375	rRNA	1528				16S ribosomal RNA
CUP2_06378	rRNA	2878				23S ribosomal RNA
CUP2_06379	rRNA	108				5S ribosomal RNA
CHR4_01527	rRNA	101				5S ribosomal RNA
CHR4_01528	rRNA	2746				23S ribosomal RNA
CHR4_01532	rRNA	1513				16S ribosomal RNA
CHR4_02097	rRNA	101				5S ribosomal RNA
CHR4_02098	rRNA	2746				23S ribosomal RNA
CHR4_02102	rRNA	1513				16S ribosomal RNA
CHR4_02103	rRNA	101				5S ribosomal RNA
CHR4_02104	rRNA	2746				23S ribosomal RNA
CHR4_02108	rRNA	1513				16S ribosomal RNA
CHR4_03027	rRNA	1513				16S ribosomal RNA
CHR4_03031	rRNA	2746				23S ribosomal RNA
CHR4_03032	rRNA	101				5S ribosomal RNA
CHR5_02658	rRNA	98				5S ribosomal RNA
CHR5_02659	rRNA	2740				23S ribosomal RNA
CHR5_02662	rRNA	1513				16S ribosomal RNA
CHR5_02900	rRNA	98				5S ribosomal RNA
CHR5_02901	rRNA	2740				23S ribosomal RNA
CHR5_02904	rRNA	1513				16S ribosomal RNA
CHR5_03622	rRNA	1513				16S ribosomal RNA
CHR5_03625	rRNA	2740				23S ribosomal RNA
CHR5_03626	rRNA	98				5S ribosomal RNA
CHR5_03627	rRNA	1513				16S ribosomal RNA
CHR5_03630	rRNA	2740				23S ribosomal RNA
CHR5_03631	rRNA	98				5S ribosomal RNA
CHR5_03749	rRNA	1513				16S ribosomal RNA
CHR5_03752	rRNA	2740				23S ribosomal RNA
CHR5_03753	rRNA	98				5S ribosomal RNA
CHR5_04161	rRNA	1513				16S ribosomal RNA
CHR5_04164	rRNA	2740				23S ribosomal RNA
CHR5_04165	rRNA	98				5S ribosomal RNA
CHR3_02103	rRNA	101				5S ribosomal RNA
CHR3_02104	rRNA	2741				23S ribosomal RNA
CHR3_02107	rRNA	1513				16S ribosomal RNA
CHR3_02110	rRNA	101				5S ribosomal RNA
CHR3_02111	rRNA	2741				23S ribosomal RNA
CHR3_02114	rRNA	1513				16S ribosomal RNA
CHR3_03069	rRNA	1513				16S ribosomal RNA
CHR3_03072	rRNA	2741				23S ribosomal RNA
CHR3_03073	rRNA	101				5S ribosomal RNA
CHR3_03320	rRNA	1513				16S ribosomal RNA
CHR3_03323	rRNA	2741				23S ribosomal RNA
CHR3_03324	rRNA	101				5S ribosomal RNA
CHR3_03327	rRNA	1513				16S ribosomal RNA
CHR3_03330	rRNA	2741				23S ribosomal RNA
CHR3_03331	rRNA	101				5S ribosomal RNA
BRE2_00271	rRNA	1459				16S ribosomal RNA
BRE2_00274	rRNA	2778				23S ribosomal RNA
BRE2_00275	rRNA	102				5S ribosomal RNA
BRE2_00822	rRNA	1459				16S ribosomal RNA
BRE2_00825	rRNA	2778				23S ribosomal RNA
BRE2_00826	rRNA	102				5S ribosomal RNA
CHR1_02576	rRNA	98				5S ribosomal RNA
CHR1_02577	rRNA	2744				23S ribosomal RNA
CHR1_02580	rRNA	1513				16S ribosomal RNA
CHR1_02817	rRNA	98				5S ribosomal RNA
CHR1_02818	rRNA	2744				23S ribosomal RNA
CHR1_02821	rRNA	1513				16S ribosomal RNA
CHR1_03571	rRNA	1513				16S ribosomal RNA
CHR1_03574	rRNA	2744				23S ribosomal RNA
CHR1_03575	rRNA	98				5S ribosomal RNA
CHR1_03710	rRNA	1513				16S ribosomal RNA
CHR1_03713	rRNA	2744				23S ribosomal RNA
CHR1_03714	rRNA	98				5S ribosomal RNA
CHR1_04156	rRNA	1513				16S ribosomal RNA
CHR1_04159	rRNA	2744				23S ribosomal RNA
CHR1_04160	rRNA	98				5S ribosomal RNA
CHR2_02748	rRNA	98				5S ribosomal RNA
CHR2_02749	rRNA	2742				23S ribosomal RNA
CHR2_02752	rRNA	1513				16S ribosomal RNA
CHR2_02990	rRNA	98				5S ribosomal RNA
CHR2_02991	rRNA	2742				23S ribosomal RNA
CHR2_02994	rRNA	1513				16S ribosomal RNA
CHR2_03712	rRNA	1513				16S ribosomal RNA
CHR2_03715	rRNA	2742				23S ribosomal RNA
CHR2_03716	rRNA	98				5S ribosomal RNA
CHR2_03717	rRNA	1513				16S ribosomal RNA
CHR2_03720	rRNA	2742				23S ribosomal RNA
CHR2_03721	rRNA	98				5S ribosomal RNA
CHR2_03841	rRNA	1513				16S ribosomal RNA
CHR2_03844	rRNA	2742				23S ribosomal RNA
CHR2_03845	rRNA	98				5S ribosomal RNA
CHR2_04280	rRNA	1513				16S ribosomal RNA
CHR2_04283	rRNA	2742				23S ribosomal RNA
CHR2_04284	rRNA	98				5S ribosomal RNA
BUR1_00009	rRNA	107				5S ribosomal RNA
BUR1_00010	rRNA	2879				23S ribosomal RNA
BUR1_00011	rRNA	1529				16S ribosomal RNA
BUR1_00259	rRNA	1528				16S ribosomal RNA
BUR1_00262	rRNA	2879				23S ribosomal RNA
BUR1_00263	rRNA	107				5S ribosomal RNA
BUR1_00487	rRNA	1529				16S ribosomal RNA
BUR1_00490	rRNA	2878				23S ribosomal RNA
BUR1_00491	rRNA	107				5S ribosomal RNA
BUR1_02424	rRNA	107				5S ribosomal RNA
BUR1_02425	rRNA	2879				23S ribosomal RNA
BUR1_02428	rRNA	1529				16S ribosomal RNA
BUR1_03451	rRNA	107				5S ribosomal RNA
BUR1_03452	rRNA	2879				23S ribosomal RNA
BUR1_03455	rRNA	1529				16S ribosomal RNA
BUR1_07056	rRNA	1601				16S ribosomal RNA
BUR1_07059	rRNA	2879				23S ribosomal RNA
BUR1_07060	rRNA	107				5S ribosomal RNA
BOR1_00722	rRNA	1527				16S ribosomal RNA
BOR1_00725	rRNA	2882				23S ribosomal RNA
BOR1_00726	rRNA	109				5S ribosomal RNA
BOR1_02713	rRNA	109				5S ribosomal RNA
BOR1_02714	rRNA	2882				23S ribosomal RNA
BOR1_02717	rRNA	1527				16S ribosomal RNA
BOR1_02945	rRNA	109				5S ribosomal RNA
BOR1_02946	rRNA	2882				23S ribosomal RNA
BOR1_02949	rRNA	1527				16S ribosomal RNA
BAC9_00008	rRNA	1547				16S ribosomal RNA
BAC9_00011	rRNA	2926				23S ribosomal RNA
BAC9_00012	rRNA	111				5S ribosomal RNA
BAC9_00031	rRNA	1547				16S ribosomal RNA
BAC9_00034	rRNA	2926				23S ribosomal RNA
BAC9_00035	rRNA	111				5S ribosomal RNA
BAC9_00097	rRNA	1537				16S ribosomal RNA
BAC9_00098	rRNA	2919				23S ribosomal RNA
BAC9_00099	rRNA	111				5S ribosomal RNA
BAC9_00109	rRNA	1536				16S ribosomal RNA
BAC9_00110	rRNA	2916				23S ribosomal RNA
BAC9_00111	rRNA	111				5S ribosomal RNA
BAC9_00187	rRNA	1547				16S ribosomal RNA
BAC9_00188	rRNA	2926				23S ribosomal RNA
BAC9_00189	rRNA	111				5S ribosomal RNA
BAC9_00195	rRNA	1547				16S ribosomal RNA
BAC9_00196	rRNA	2926				23S ribosomal RNA
BAC9_00197	rRNA	111				5S ribosomal RNA
BAC9_00611	rRNA	1547				16S ribosomal RNA
BAC9_00612	rRNA	2926				23S ribosomal RNA
BAC9_00613	rRNA	111				5S ribosomal RNA
BAC9_00866	rRNA	1547				16S ribosomal RNA
BAC9_00867	rRNA	2926				23S ribosomal RNA
BAC9_00868	rRNA	111				5S ribosomal RNA
BAC9_02839	rRNA	111				5S ribosomal RNA
BAC9_02840	rRNA	2914				23S ribosomal RNA
BAC9_02841	rRNA	1540				16S ribosomal RNA
BRE1_01846	rRNA	2923				23S ribosomal RNA
BRE1_01848	rRNA	1535				16S ribosomal RNA
BRE1_02825	rRNA	2923				23S ribosomal RNA
BRE1_02826	rRNA	111				5S ribosomal RNA
BRE1_02827	rRNA	1534				16S ribosomal RNA
BRE1_03281	rRNA	2923				23S ribosomal RNA
BRE1_03282	rRNA	111				5S ribosomal RNA
BRE1_03285	rRNA	1534				16S ribosomal RNA
BRE1_03286	rRNA	2923				23S ribosomal RNA
BRE1_03287	rRNA	111				5S ribosomal RNA
BRE1_03290	rRNA	1534				16S ribosomal RNA
BRE1_03465	rRNA	2923				23S ribosomal RNA
BRE1_03466	rRNA	111				5S ribosomal RNA
BRE1_03467	rRNA	1534				16S ribosomal RNA
BRE1_03568	rRNA	2923				23S ribosomal RNA
BRE1_03569	rRNA	111				5S ribosomal RNA
BRE1_03572	rRNA	1534				16S ribosomal RNA
BRE1_03653	rRNA	2923				23S ribosomal RNA
BRE1_03654	rRNA	111				5S ribosomal RNA
BRE1_03657	rRNA	1534				16S ribosomal RNA
BRE1_03707	rRNA	2923				23S ribosomal RNA
BRE1_03708	rRNA	111				5S ribosomal RNA
BRE1_03709	rRNA	1534				16S ribosomal RNA
BRE1_03853	rRNA	2923				23S ribosomal RNA
BRE1_03854	rRNA	111				5S ribosomal RNA
BRE1_03855	rRNA	1535				16S ribosomal RNA
BRE1_04275	rRNA	2923				23S ribosomal RNA
BRE1_04276	rRNA	111				5S ribosomal RNA
BRE1_04277	rRNA	1534				16S ribosomal RNA
BRE1_04987	rRNA	2923				23S ribosomal RNA
BRE1_04988	rRNA	111				5S ribosomal RNA
BRE1_04989	rRNA	1534				16S ribosomal RNA
BAC8_00008	rRNA	1547				16S ribosomal RNA
BAC8_00011	rRNA	2926				23S ribosomal RNA
BAC8_00012	rRNA	111				5S ribosomal RNA
BAC8_00031	rRNA	1547				16S ribosomal RNA
BAC8_00034	rRNA	2926				23S ribosomal RNA
BAC8_00035	rRNA	111				5S ribosomal RNA
BAC8_00097	rRNA	1548				16S ribosomal RNA
BAC8_00098	rRNA	2926				23S ribosomal RNA
BAC8_00099	rRNA	111				5S ribosomal RNA
BAC8_00175	rRNA	1547				16S ribosomal RNA
BAC8_00176	rRNA	2926				23S ribosomal RNA
BAC8_00177	rRNA	111				5S ribosomal RNA
BAC8_00183	rRNA	1547				16S ribosomal RNA
BAC8_00184	rRNA	2926				23S ribosomal RNA
BAC8_00185	rRNA	111				5S ribosomal RNA
BAC8_00588	rRNA	1547				16S ribosomal RNA
BAC8_00589	rRNA	2926				23S ribosomal RNA
BAC8_00590	rRNA	111				5S ribosomal RNA
BAC8_00840	rRNA	1547				16S ribosomal RNA
BAC8_00841	rRNA	2926				23S ribosomal RNA
BAC8_00842	rRNA	111				5S ribosomal RNA
BAC8_02809	rRNA	111				5S ribosomal RNA
BAC8_02810	rRNA	2926				23S ribosomal RNA
BAC8_02811	rRNA	1547				16S ribosomal RNA
BAC7_00008	rRNA	1547				16S ribosomal RNA
BAC7_00011	rRNA	2926				23S ribosomal RNA
BAC7_00012	rRNA	111				5S ribosomal RNA
BAC7_00031	rRNA	1546				16S ribosomal RNA
BAC7_00034	rRNA	2924				23S ribosomal RNA
BAC7_00035	rRNA	111				5S ribosomal RNA
BAC7_00097	rRNA	1547				16S ribosomal RNA
BAC7_00098	rRNA	2926				23S ribosomal RNA
BAC7_00099	rRNA	111				5S ribosomal RNA
BAC7_00105	rRNA	1547				16S ribosomal RNA
BAC7_00106	rRNA	2926				23S ribosomal RNA
BAC7_00107	rRNA	111				5S ribosomal RNA
BAC7_00183	rRNA	1547				16S ribosomal RNA
BAC7_00184	rRNA	2926				23S ribosomal RNA
BAC7_00185	rRNA	111				5S ribosomal RNA
BAC7_00191	rRNA	1547				16S ribosomal RNA
BAC7_00192	rRNA	2926				23S ribosomal RNA
BAC7_00193	rRNA	111				5S ribosomal RNA
BAC7_00607	rRNA	1547				16S ribosomal RNA
BAC7_00608	rRNA	2926				23S ribosomal RNA
BAC7_00609	rRNA	111				5S ribosomal RNA
BAC7_00862	rRNA	1547				16S ribosomal RNA
BAC7_00863	rRNA	2926				23S ribosomal RNA
BAC7_00864	rRNA	111				5S ribosomal RNA
BAC7_02821	rRNA	111				5S ribosomal RNA
BAC7_02822	rRNA	2926				23S ribosomal RNA
BAC7_02823	rRNA	1547				16S ribosomal RNA
BAC6_00009	rRNA	1549				16S ribosomal RNA
BAC6_00012	rRNA	2928				23S ribosomal RNA
BAC6_00013	rRNA	111				5S ribosomal RNA
BAC6_00029	rRNA	1549				16S ribosomal RNA
BAC6_00032	rRNA	2928				23S ribosomal RNA
BAC6_00033	rRNA	111				5S ribosomal RNA
BAC6_00089	rRNA	1549				16S ribosomal RNA
BAC6_00090	rRNA	2928				23S ribosomal RNA
BAC6_00091	rRNA	111				5S ribosomal RNA
BAC6_00175	rRNA	1549				16S ribosomal RNA
BAC6_00176	rRNA	2928				23S ribosomal RNA
BAC6_00177	rRNA	110				5S ribosomal RNA
BAC6_01406	rRNA	1549				16S ribosomal RNA
BAC6_01407	rRNA	2928				23S ribosomal RNA
BAC6_01408	rRNA	111				5S ribosomal RNA
BAC6_03834	rRNA	112				5S ribosomal RNA
BAC6_03835	rRNA	2928				23S ribosomal RNA
BAC6_03836	rRNA	1549				16S ribosomal RNA
BAC6_04499	rRNA	111				5S ribosomal RNA
BAC6_04500	rRNA	2928				23S ribosomal RNA
BAC6_04501	rRNA	1549				16S ribosomal RNA
BAC6_04631	rRNA	111				5S ribosomal RNA
BAC6_04632	rRNA	2928				23S ribosomal RNA
BAC6_04633	rRNA	1549				16S ribosomal RNA
BAC6_04676	rRNA	111				5S ribosomal RNA
BAC6_04677	rRNA	2928				23S ribosomal RNA
BAC6_04678	rRNA	1549				16S ribosomal RNA
BAC4_00007	rRNA	1549				16S ribosomal RNA
BAC4_00010	rRNA	2920				23S ribosomal RNA
BAC4_00011	rRNA	110				5S ribosomal RNA
BAC4_00029	rRNA	1549				16S ribosomal RNA
BAC4_00032	rRNA	2919				23S ribosomal RNA
BAC4_00033	rRNA	110				5S ribosomal RNA
BAC4_00087	rRNA	1549				16S ribosomal RNA
BAC4_00088	rRNA	2920				23S ribosomal RNA
BAC4_00089	rRNA	110				5S ribosomal RNA
BAC4_00099	rRNA	1549				16S ribosomal RNA
BAC4_00100	rRNA	2920				23S ribosomal RNA
BAC4_00101	rRNA	110				5S ribosomal RNA
BAC4_00174	rRNA	1549				16S ribosomal RNA
BAC4_00175	rRNA	2920				23S ribosomal RNA
BAC4_00176	rRNA	110				5S ribosomal RNA
BAC4_00275	rRNA	1549				16S ribosomal RNA
BAC4_00276	rRNA	2920				23S ribosomal RNA
BAC4_00277	rRNA	110				5S ribosomal RNA
BAC4_00293	rRNA	1549				16S ribosomal RNA
BAC4_00294	rRNA	2920				23S ribosomal RNA
BAC4_00295	rRNA	110				5S ribosomal RNA
BAC4_00298	rRNA	1549				16S ribosomal RNA
BAC4_00299	rRNA	2920				23S ribosomal RNA
BAC4_00300	rRNA	110				5S ribosomal RNA
BAC4_00309	rRNA	1549				16S ribosomal RNA
BAC4_00310	rRNA	2920				23S ribosomal RNA
BAC4_00311	rRNA	110				5S ribosomal RNA
BAC4_00315	rRNA	1549				16S ribosomal RNA
BAC4_00316	rRNA	2920				23S ribosomal RNA
BAC4_00317	rRNA	110				5S ribosomal RNA
BAC4_00532	rRNA	1549				16S ribosomal RNA
BAC4_00533	rRNA	2919				23S ribosomal RNA
BAC4_00534	rRNA	110				5S ribosomal RNA
BAC4_00679	rRNA	1549				16S ribosomal RNA
BAC4_00680	rRNA	2919				23S ribosomal RNA
BAC4_00681	rRNA	110				5S ribosomal RNA
BAC4_04179	rRNA	110				5S ribosomal RNA
BAC4_04180	rRNA	2919				23S ribosomal RNA
BAC4_04181	rRNA	1549				16S ribosomal RNA
BAC5_00009	rRNA	1547				16S ribosomal RNA
BAC5_00012	rRNA	2930				23S ribosomal RNA
BAC5_00013	rRNA	112				5S ribosomal RNA
BAC5_00029	rRNA	1547				16S ribosomal RNA
BAC5_00032	rRNA	2930				23S ribosomal RNA
BAC5_00033	rRNA	112				5S ribosomal RNA
BAC5_00093	rRNA	1547				16S ribosomal RNA
BAC5_00094	rRNA	2930				23S ribosomal RNA
BAC5_00095	rRNA	112				5S ribosomal RNA
BAC5_00105	rRNA	1547				16S ribosomal RNA
BAC5_00106	rRNA	2930				23S ribosomal RNA
BAC5_00107	rRNA	112				5S ribosomal RNA
BAC5_00184	rRNA	1547				16S ribosomal RNA
BAC5_00185	rRNA	2930				23S ribosomal RNA
BAC5_00186	rRNA	112				5S ribosomal RNA
BAC5_00346	rRNA	1547				16S ribosomal RNA
BAC5_00347	rRNA	2930				23S ribosomal RNA
BAC5_00348	rRNA	112				5S ribosomal RNA
BAC5_00396	rRNA	1547				16S ribosomal RNA
BAC5_00397	rRNA	2930				23S ribosomal RNA
BAC5_00398	rRNA	112				5S ribosomal RNA
BAC5_00627	rRNA	1547				16S ribosomal RNA
BAC5_00628	rRNA	2930				23S ribosomal RNA
BAC5_00629	rRNA	112				5S ribosomal RNA
BAC5_03038	rRNA	112				5S ribosomal RNA
BAC5_03039	rRNA	2930				23S ribosomal RNA
BAC5_03040	rRNA	1547				16S ribosomal RNA
BAC3_00007	rRNA	1549				16S ribosomal RNA
BAC3_00010	rRNA	2930				23S ribosomal RNA
BAC3_00011	rRNA	111				5S ribosomal RNA
BAC3_00027	rRNA	1549				16S ribosomal RNA
BAC3_00028	rRNA	2930				23S ribosomal RNA
BAC3_00029	rRNA	111				5S ribosomal RNA
BAC3_00039	rRNA	1549				16S ribosomal RNA
BAC3_00040	rRNA	2930				23S ribosomal RNA
BAC3_00041	rRNA	111				5S ribosomal RNA
BAC3_00098	rRNA	1549				16S ribosomal RNA
BAC3_00099	rRNA	2929				23S ribosomal RNA
BAC3_00100	rRNA	111				5S ribosomal RNA
BAC3_00101	rRNA	1549				16S ribosomal RNA
BAC3_00102	rRNA	2929				23S ribosomal RNA
BAC3_00103	rRNA	111				5S ribosomal RNA
BAC3_00178	rRNA	1549				16S ribosomal RNA
BAC3_00179	rRNA	2929				23S ribosomal RNA
BAC3_00180	rRNA	111				5S ribosomal RNA
BAC3_00253	rRNA	1549				16S ribosomal RNA
BAC3_00254	rRNA	2930				23S ribosomal RNA
BAC3_00255	rRNA	111				5S ribosomal RNA
BAC3_00276	rRNA	1549				16S ribosomal RNA
BAC3_00277	rRNA	2928				23S ribosomal RNA
BAC3_00278	rRNA	111				5S ribosomal RNA
BAC3_00513	rRNA	1549				16S ribosomal RNA
BAC3_00514	rRNA	2929				23S ribosomal RNA
BAC3_00515	rRNA	111				5S ribosomal RNA
BAC3_04174	rRNA	111				5S ribosomal RNA
BAC3_04175	rRNA	2930				23S ribosomal RNA
BAC3_04176	rRNA	1549				16S ribosomal RNA
BAC1_00008	rRNA	1547				16S ribosomal RNA
BAC1_00011	rRNA	2926				23S ribosomal RNA
BAC1_00012	rRNA	111				5S ribosomal RNA
BAC1_00031	rRNA	1547				16S ribosomal RNA
BAC1_00034	rRNA	2926				23S ribosomal RNA
BAC1_00035	rRNA	111				5S ribosomal RNA
BAC1_00097	rRNA	1548				16S ribosomal RNA
BAC1_00098	rRNA	2926				23S ribosomal RNA
BAC1_00099	rRNA	111				5S ribosomal RNA
BAC1_00109	rRNA	1547				16S ribosomal RNA
BAC1_00110	rRNA	2926				23S ribosomal RNA
BAC1_00111	rRNA	111				5S ribosomal RNA
BAC1_00187	rRNA	1547				16S ribosomal RNA
BAC1_00188	rRNA	2926				23S ribosomal RNA
BAC1_00189	rRNA	111				5S ribosomal RNA
BAC1_00195	rRNA	1547				16S ribosomal RNA
BAC1_00196	rRNA	2926				23S ribosomal RNA
BAC1_00197	rRNA	111				5S ribosomal RNA
BAC1_00602	rRNA	1547				16S ribosomal RNA
BAC1_00603	rRNA	2926				23S ribosomal RNA
BAC1_00604	rRNA	112				5S ribosomal RNA
BAC1_00864	rRNA	1547				16S ribosomal RNA
BAC1_00865	rRNA	2926				23S ribosomal RNA
BAC1_00866	rRNA	111				5S ribosomal RNA
BAC1_02981	rRNA	111				5S ribosomal RNA
BAC1_02982	rRNA	2926				23S ribosomal RNA
BAC1_02983	rRNA	1547				16S ribosomal RNA
BAC2_00007	rRNA	1549				16S ribosomal RNA
BAC2_00010	rRNA	2932				23S ribosomal RNA
BAC2_00011	rRNA	111				5S ribosomal RNA
BAC2_00029	rRNA	1549				16S ribosomal RNA
BAC2_00032	rRNA	2932				23S ribosomal RNA
BAC2_00033	rRNA	111				5S ribosomal RNA
BAC2_00043	rRNA	1549				16S ribosomal RNA
BAC2_00044	rRNA	2932				23S ribosomal RNA
BAC2_00045	rRNA	111				5S ribosomal RNA
BAC2_00099	rRNA	1549				16S ribosomal RNA
BAC2_00100	rRNA	2932				23S ribosomal RNA
BAC2_00101	rRNA	111				5S ribosomal RNA
BAC2_00176	rRNA	1550				16S ribosomal RNA
BAC2_00177	rRNA	2932				23S ribosomal RNA
BAC2_00178	rRNA	111				5S ribosomal RNA
BAC2_00247	rRNA	1549				16S ribosomal RNA
BAC2_00248	rRNA	2932				23S ribosomal RNA
BAC2_00249	rRNA	104				5S ribosomal RNA
BAC2_00269	rRNA	1549				16S ribosomal RNA
BAC2_00270	rRNA	2932				23S ribosomal RNA
BAC2_00271	rRNA	99				5S ribosomal RNA
BAC2_00421	rRNA	1549				16S ribosomal RNA
BAC2_00422	rRNA	2932				23S ribosomal RNA
BAC2_00423	rRNA	111				5S ribosomal RNA
BAC2_00472	rRNA	1549				16S ribosomal RNA
BAC2_00473	rRNA	2932				23S ribosomal RNA
BAC2_00474	rRNA	111				5S ribosomal RNA
BAC2_00617	rRNA	1549				16S ribosomal RNA
BAC2_00618	rRNA	2932				23S ribosomal RNA
BAC2_00619	rRNA	111				5S ribosomal RNA
BAC2_04893	rRNA	111				5S ribosomal RNA
BAC2_04894	rRNA	2932				23S ribosomal RNA
BAC2_04895	rRNA	1549				16S ribosomal RNA
BAC2_05263	rRNA	2789				23S ribosomal RNA
BAC2_05264	rRNA	1549				16S ribosomal RNA
BAC2_05326	rRNA	111				5S ribosomal RNA
ART8_00142	rRNA	1526				16S ribosomal RNA
ART8_00143	rRNA	3153				23S ribosomal RNA
ART8_00144	rRNA	109				5S ribosomal RNA
ART8_00149	rRNA	1526				16S ribosomal RNA
ART8_00150	rRNA	3153				23S ribosomal RNA
ART8_00151	rRNA	109				5S ribosomal RNA
ART8_00822	rRNA	1526				16S ribosomal RNA
ART8_00823	rRNA	3153				23S ribosomal RNA
ART8_00824	rRNA	109				5S ribosomal RNA
ART8_01490	rRNA	1526				16S ribosomal RNA
ART8_01491	rRNA	3153				23S ribosomal RNA
ART8_01492	rRNA	109				5S ribosomal RNA
ART8_03580	rRNA	109				5S ribosomal RNA
ART8_03581	rRNA	3153				23S ribosomal RNA
ART8_03582	rRNA	1526				16S ribosomal RNA
ART8_03585	rRNA	109				5S ribosomal RNA
ART8_03586	rRNA	3154				23S ribosomal RNA
ART8_03587	rRNA	1526				16S ribosomal RNA
ART7_00165	rRNA	1518				16S ribosomal RNA
ART7_00166	rRNA	3130				23S ribosomal RNA
ART7_00167	rRNA	109				5S ribosomal RNA
ART7_00169	rRNA	1524				16S ribosomal RNA
ART7_00170	rRNA	3133				23S ribosomal RNA
ART7_00171	rRNA	109				5S ribosomal RNA
ART7_00832	rRNA	1516				16S ribosomal RNA
ART7_00833	rRNA	3136				23S ribosomal RNA
ART7_00834	rRNA	109				5S ribosomal RNA
ART7_01592	rRNA	1513				16S ribosomal RNA
ART7_01593	rRNA	3137				23S ribosomal RNA
ART7_01594	rRNA	109				5S ribosomal RNA
ART7_03782	rRNA	109				5S ribosomal RNA
ART7_03783	rRNA	3133				23S ribosomal RNA
ART7_03784	rRNA	1513				16S ribosomal RNA
ART7_03787	rRNA	109				5S ribosomal RNA
ART7_03788	rRNA	3132				23S ribosomal RNA
ART7_03789	rRNA	1514				16S ribosomal RNA
ART6_00859	rRNA	1521				16S ribosomal RNA
ART6_00860	rRNA	3123				23S ribosomal RNA
ART6_00861	rRNA	109				5S ribosomal RNA
ART6_01054	rRNA	1518				16S ribosomal RNA
ART6_01055	rRNA	3120				23S ribosomal RNA
ART6_01056	rRNA	109				5S ribosomal RNA
ART6_01526	rRNA	1518				16S ribosomal RNA
ART6_01527	rRNA	3120				23S ribosomal RNA
ART6_01528	rRNA	109				5S ribosomal RNA
ART6_03764	rRNA	109				5S ribosomal RNA
ART6_03765	rRNA	3120				23S ribosomal RNA
ART6_03766	rRNA	1518				16S ribosomal RNA
ART6_03769	rRNA	109				5S ribosomal RNA
ART6_03770	rRNA	3120				23S ribosomal RNA
ART6_03771	rRNA	1518				16S ribosomal RNA
ART5_00105	rRNA	1524				16S ribosomal RNA
ART5_00106	rRNA	3125				23S ribosomal RNA
ART5_00107	rRNA	110				5S ribosomal RNA
ART5_00111	rRNA	1524				16S ribosomal RNA
ART5_00112	rRNA	3125				23S ribosomal RNA
ART5_00113	rRNA	110				5S ribosomal RNA
ART5_00189	rRNA	1524				16S ribosomal RNA
ART5_00190	rRNA	3125				23S ribosomal RNA
ART5_00191	rRNA	110				5S ribosomal RNA
ART5_00536	rRNA	1524				16S ribosomal RNA
ART5_00537	rRNA	3125				23S ribosomal RNA
ART5_00538	rRNA	110				5S ribosomal RNA
ART5_00544	rRNA	1524				16S ribosomal RNA
ART5_00545	rRNA	3125				23S ribosomal RNA
ART5_00546	rRNA	110				5S ribosomal RNA
ART5_00548	rRNA	110				5S ribosomal RNA
ART5_01151	rRNA	1524				16S ribosomal RNA
ART5_01152	rRNA	3125				23S ribosomal RNA
ART5_01153	rRNA	110				5S ribosomal RNA
ART4_00873	rRNA	1521				16S ribosomal RNA
ART4_00874	rRNA	3120				23S ribosomal RNA
ART4_00875	rRNA	109				5S ribosomal RNA
ART4_01062	rRNA	1521				16S ribosomal RNA
ART4_01063	rRNA	3120				23S ribosomal RNA
ART4_01064	rRNA	109				5S ribosomal RNA
ART4_01609	rRNA	1521				16S ribosomal RNA
ART4_01610	rRNA	3120				23S ribosomal RNA
ART4_01611	rRNA	109				5S ribosomal RNA
ART4_04045	rRNA	109				5S ribosomal RNA
ART4_04046	rRNA	3120				23S ribosomal RNA
ART4_04047	rRNA	1521				16S ribosomal RNA
ART4_04049	rRNA	109				5S ribosomal RNA
ART4_04050	rRNA	3120				23S ribosomal RNA
ART4_04051	rRNA	1521				16S ribosomal RNA
ART3_00757	rRNA	1520				16S ribosomal RNA
ART3_00758	rRNA	3119				23S ribosomal RNA
ART3_00759	rRNA	110				5S ribosomal RNA
ART3_01484	rRNA	1520				16S ribosomal RNA
ART3_01485	rRNA	3119				23S ribosomal RNA
ART3_01486	rRNA	110				5S ribosomal RNA
ART3_03833	rRNA	110				5S ribosomal RNA
ART3_03834	rRNA	3119				23S ribosomal RNA
ART3_03835	rRNA	1520				16S ribosomal RNA
ART3_03838	rRNA	110				5S ribosomal RNA
ART3_03839	rRNA	3119				23S ribosomal RNA
ART3_03840	rRNA	1520				16S ribosomal RNA
ART2_00171	rRNA	1522				16S ribosomal RNA
ART2_00172	rRNA	3138				23S ribosomal RNA
ART2_00173	rRNA	109				5S ribosomal RNA
ART2_00176	rRNA	1522				16S ribosomal RNA
ART2_00177	rRNA	3138				23S ribosomal RNA
ART2_00178	rRNA	109				5S ribosomal RNA
ART2_00229	rRNA	1522				16S ribosomal RNA
ART2_00230	rRNA	3138				23S ribosomal RNA
ART2_00231	rRNA	109				5S ribosomal RNA
ART2_00234	rRNA	1522				16S ribosomal RNA
ART2_00235	rRNA	3138				23S ribosomal RNA
ART2_00236	rRNA	109				5S ribosomal RNA
ART2_00810	rRNA	1522				16S ribosomal RNA
ART2_00811	rRNA	3124				23S ribosomal RNA
ART2_00812	rRNA	109				5S ribosomal RNA
ART2_01532	rRNA	1522				16S ribosomal RNA
ART2_01533	rRNA	3124				23S ribosomal RNA
ART2_01534	rRNA	109				5S ribosomal RNA
ART2_03772	rRNA	109				5S ribosomal RNA
ART2_03773	rRNA	3124				23S ribosomal RNA
ART2_03774	rRNA	1522				16S ribosomal RNA
ART1_00152	rRNA	1516				16S ribosomal RNA
ART1_00153	rRNA	3136				23S ribosomal RNA
ART1_00154	rRNA	109				5S ribosomal RNA
ART1_00156	rRNA	1516				16S ribosomal RNA
ART1_00157	rRNA	3136				23S ribosomal RNA
ART1_00158	rRNA	109				5S ribosomal RNA
ART1_00873	rRNA	1516				16S ribosomal RNA
ART1_00874	rRNA	3136				23S ribosomal RNA
ART1_00875	rRNA	109				5S ribosomal RNA
ART1_01668	rRNA	1516				16S ribosomal RNA
ART1_01669	rRNA	3135				23S ribosomal RNA
ART1_01670	rRNA	109				5S ribosomal RNA
ART1_03856	rRNA	109				5S ribosomal RNA
ART1_03857	rRNA	3136				23S ribosomal RNA
ART1_03858	rRNA	1513				16S ribosomal RNA
ART1_03859	rRNA	2817				23S ribosomal RNA
ART1_03860	rRNA	1516				16S ribosomal RNA
ADV1_02629	rRNA	108				5S ribosomal RNA
ADV1_02630	rRNA	2872				23S ribosomal RNA
ADV1_02633	rRNA	1539				16S ribosomal RNA
ADV1_03264	rRNA	108				5S ribosomal RNA
ADV1_03265	rRNA	2872				23S ribosomal RNA
ADV1_03268	rRNA	1539				16S ribosomal RNA
ACI8_00016	rRNA	1533				16S ribosomal RNA
ACI8_00019	rRNA	2890				23S ribosomal RNA
ACI8_00020	rRNA	111				5S ribosomal RNA
ACI8_00484	rRNA	1533				16S ribosomal RNA
ACI8_00487	rRNA	2890				23S ribosomal RNA
ACI8_00488	rRNA	111				5S ribosomal RNA
ACI8_00521	rRNA	1533				16S ribosomal RNA
ACI8_00524	rRNA	2890				23S ribosomal RNA
ACI8_00525	rRNA	111				5S ribosomal RNA
ACI8_03103	rRNA	111				5S ribosomal RNA
ACI8_03104	rRNA	2890				23S ribosomal RNA
ACI8_03107	rRNA	1533				16S ribosomal RNA
ACI8_03538	rRNA	111				5S ribosomal RNA
ACI8_03539	rRNA	2890				23S ribosomal RNA
ACI8_03542	rRNA	1533				16S ribosomal RNA
ACI8_03719	rRNA	111				5S ribosomal RNA
ACI8_03720	rRNA	2890				23S ribosomal RNA
ACI8_03723	rRNA	1533				16S ribosomal RNA
ACI9_00015	rRNA	1533				16S ribosomal RNA
ACI9_00018	rRNA	2888				23S ribosomal RNA
ACI9_00019	rRNA	111				5S ribosomal RNA
ACI9_00480	rRNA	1533				16S ribosomal RNA
ACI9_00483	rRNA	2888				23S ribosomal RNA
ACI9_00484	rRNA	111				5S ribosomal RNA
ACI9_00517	rRNA	1533				16S ribosomal RNA
ACI9_00520	rRNA	2888				23S ribosomal RNA
ACI9_00521	rRNA	111				5S ribosomal RNA
ACI9_03072	rRNA	111				5S ribosomal RNA
ACI9_03073	rRNA	2888				23S ribosomal RNA
ACI9_03076	rRNA	1533				16S ribosomal RNA
ACI9_03512	rRNA	111				5S ribosomal RNA
ACI9_03513	rRNA	2888				23S ribosomal RNA
ACI9_03516	rRNA	1533				16S ribosomal RNA
ACI9_03676	rRNA	111				5S ribosomal RNA
ACI9_03677	rRNA	2888				23S ribosomal RNA
ACI9_03680	rRNA	1533				16S ribosomal RNA
ACI7_00021	rRNA	1533				16S ribosomal RNA
ACI7_00024	rRNA	2890				23S ribosomal RNA
ACI7_00025	rRNA	111				5S ribosomal RNA
ACI7_00481	rRNA	1533				16S ribosomal RNA
ACI7_00484	rRNA	2890				23S ribosomal RNA
ACI7_00485	rRNA	111				5S ribosomal RNA
ACI7_00617	rRNA	1533				16S ribosomal RNA
ACI7_00620	rRNA	2890				23S ribosomal RNA
ACI7_00621	rRNA	111				5S ribosomal RNA
ACI7_01777	rRNA	111				5S ribosomal RNA
ACI7_01778	rRNA	2890				23S ribosomal RNA
ACI7_01781	rRNA	1533				16S ribosomal RNA
ACI7_02476	rRNA	111				5S ribosomal RNA
ACI7_02477	rRNA	2891				23S ribosomal RNA
ACI7_02480	rRNA	1533				16S ribosomal RNA
ACI7_02841	rRNA	111				5S ribosomal RNA
ACI7_02842	rRNA	2890				23S ribosomal RNA
ACI7_02845	rRNA	1533				16S ribosomal RNA
ACI7_02989	rRNA	111				5S ribosomal RNA
ACI7_02990	rRNA	2892				23S ribosomal RNA
ACI7_02993	rRNA	1533				16S ribosomal RNA
ACI6_00021	rRNA	1533				16S ribosomal RNA
ACI6_00024	rRNA	2891				23S ribosomal RNA
ACI6_00025	rRNA	111				5S ribosomal RNA
ACI6_00428	rRNA	1533				16S ribosomal RNA
ACI6_00431	rRNA	2891				23S ribosomal RNA
ACI6_00432	rRNA	111				5S ribosomal RNA
ACI6_00609	rRNA	1533				16S ribosomal RNA
ACI6_00612	rRNA	2891				23S ribosomal RNA
ACI6_00613	rRNA	111				5S ribosomal RNA
ACI6_01857	rRNA	111				5S ribosomal RNA
ACI6_01858	rRNA	2891				23S ribosomal RNA
ACI6_01861	rRNA	1533				16S ribosomal RNA
ACI6_02818	rRNA	111				5S ribosomal RNA
ACI6_02819	rRNA	2891				23S ribosomal RNA
ACI6_02822	rRNA	1533				16S ribosomal RNA
ACI6_03227	rRNA	111				5S ribosomal RNA
ACI6_03228	rRNA	2891				23S ribosomal RNA
ACI6_03231	rRNA	1533				16S ribosomal RNA
ACI6_03371	rRNA	111				5S ribosomal RNA
ACI6_03372	rRNA	2891				23S ribosomal RNA
ACI6_03375	rRNA	1533				16S ribosomal RNA
ACI5_00014	rRNA	1533				16S ribosomal RNA
ACI5_00017	rRNA	2888				23S ribosomal RNA
ACI5_00018	rRNA	110				5S ribosomal RNA
ACI5_00541	rRNA	1533				16S ribosomal RNA
ACI5_00544	rRNA	2888				23S ribosomal RNA
ACI5_00545	rRNA	110				5S ribosomal RNA
ACI5_00692	rRNA	1533				16S ribosomal RNA
ACI5_00695	rRNA	2888				23S ribosomal RNA
ACI5_00696	rRNA	110				5S ribosomal RNA
ACI5_03501	rRNA	110				5S ribosomal RNA
ACI5_03502	rRNA	2888				23S ribosomal RNA
ACI5_03505	rRNA	1533				16S ribosomal RNA
ACI5_03820	rRNA	110				5S ribosomal RNA
ACI5_03821	rRNA	2888				23S ribosomal RNA
ACI5_03824	rRNA	1533				16S ribosomal RNA
ACI4_00015	rRNA	1533				16S ribosomal RNA
ACI4_00018	rRNA	2890				23S ribosomal RNA
ACI4_00019	rRNA	111				5S ribosomal RNA
ACI4_00181	rRNA	1533				16S ribosomal RNA
ACI4_00184	rRNA	2890				23S ribosomal RNA
ACI4_00185	rRNA	111				5S ribosomal RNA
ACI4_00616	rRNA	1533				16S ribosomal RNA
ACI4_00619	rRNA	2890				23S ribosomal RNA
ACI4_00620	rRNA	111				5S ribosomal RNA
ACI4_03137	rRNA	111				5S ribosomal RNA
ACI4_03138	rRNA	2890				23S ribosomal RNA
ACI4_03141	rRNA	1533				16S ribosomal RNA
ACI4_03175	rRNA	111				5S ribosomal RNA
ACI4_03176	rRNA	2890				23S ribosomal RNA
ACI4_03179	rRNA	1533				16S ribosomal RNA
ACI4_03633	rRNA	111				5S ribosomal RNA
ACI4_03634	rRNA	2890				23S ribosomal RNA
ACI4_03637	rRNA	1533				16S ribosomal RNA
ACI3_00016	rRNA	1535				16S ribosomal RNA
ACI3_00019	rRNA	2888				23S ribosomal RNA
ACI3_00020	rRNA	111				5S ribosomal RNA
ACI3_00574	rRNA	1535				16S ribosomal RNA
ACI3_00577	rRNA	2888				23S ribosomal RNA
ACI3_00578	rRNA	111				5S ribosomal RNA
ACI3_00684	rRNA	1535				16S ribosomal RNA
ACI3_00687	rRNA	2888				23S ribosomal RNA
ACI3_00688	rRNA	111				5S ribosomal RNA
ACI3_01806	rRNA	1535				16S ribosomal RNA
ACI3_01809	rRNA	2888				23S ribosomal RNA
ACI3_01810	rRNA	111				5S ribosomal RNA
ACI3_03551	rRNA	111				5S ribosomal RNA
ACI3_03552	rRNA	2888				23S ribosomal RNA
ACI3_03555	rRNA	1535				16S ribosomal RNA
ACI3_03998	rRNA	111				5S ribosomal RNA
ACI3_03999	rRNA	2888				23S ribosomal RNA
ACI3_04002	rRNA	1535				16S ribosomal RNA
ACI3_04207	rRNA	111				5S ribosomal RNA
ACI3_04208	rRNA	2888				23S ribosomal RNA
ACI3_04211	rRNA	1535				16S ribosomal RNA
ACI2_00013	rRNA	1532				16S ribosomal RNA
ACI2_00016	rRNA	2889				23S ribosomal RNA
ACI2_00017	rRNA	111				5S ribosomal RNA
ACI2_00428	rRNA	1532				16S ribosomal RNA
ACI2_00431	rRNA	2889				23S ribosomal RNA
ACI2_00432	rRNA	111				5S ribosomal RNA
ACI2_00599	rRNA	1532				16S ribosomal RNA
ACI2_00602	rRNA	2889				23S ribosomal RNA
ACI2_00603	rRNA	111				5S ribosomal RNA
ACI2_01663	rRNA	1532				16S ribosomal RNA
ACI2_01666	rRNA	2889				23S ribosomal RNA
ACI2_01667	rRNA	111				5S ribosomal RNA
ACI2_02826	rRNA	111				5S ribosomal RNA
ACI2_02827	rRNA	2889				23S ribosomal RNA
ACI2_02830	rRNA	1532				16S ribosomal RNA
ACI2_03232	rRNA	111				5S ribosomal RNA
ACI2_03233	rRNA	2889				23S ribosomal RNA
ACI2_03236	rRNA	1532				16S ribosomal RNA
ACI2_03383	rRNA	111				5S ribosomal RNA
ACI2_03384	rRNA	2889				23S ribosomal RNA
ACI2_03387	rRNA	1532				16S ribosomal RNA
ACI1_00015	rRNA	1532				16S ribosomal RNA
ACI1_00018	rRNA	2892				23S ribosomal RNA
ACI1_00019	rRNA	111				5S ribosomal RNA
ACI1_00476	rRNA	1533				16S ribosomal RNA
ACI1_00479	rRNA	2890				23S ribosomal RNA
ACI1_00480	rRNA	111				5S ribosomal RNA
ACI1_00509	rRNA	1533				16S ribosomal RNA
ACI1_00512	rRNA	2890				23S ribosomal RNA
ACI1_00513	rRNA	111				5S ribosomal RNA
ACI1_03048	rRNA	111				5S ribosomal RNA
ACI1_03049	rRNA	2890				23S ribosomal RNA
ACI1_03052	rRNA	1533				16S ribosomal RNA
ACI1_03472	rRNA	111				5S ribosomal RNA
ACI1_03473	rRNA	2890				23S ribosomal RNA
ACI1_03476	rRNA	1533				16S ribosomal RNA
ACI1_03638	rRNA	111				5S ribosomal RNA
ACI1_03639	rRNA	2890				23S ribosomal RNA
ACI1_03642	rRNA	1533				16S ribosomal RNA
ACI13_00014	rRNA	1533				16S ribosomal RNA
ACI13_00017	rRNA	2888				23S ribosomal RNA
ACI13_00018	rRNA	110				5S ribosomal RNA
ACI13_00541	rRNA	1533				16S ribosomal RNA
ACI13_00544	rRNA	2888				23S ribosomal RNA
ACI13_00545	rRNA	110				5S ribosomal RNA
ACI13_00693	rRNA	1533				16S ribosomal RNA
ACI13_00696	rRNA	2888				23S ribosomal RNA
ACI13_00697	rRNA	110				5S ribosomal RNA
ACI13_03499	rRNA	110				5S ribosomal RNA
ACI13_03500	rRNA	2888				23S ribosomal RNA
ACI13_03503	rRNA	1533				16S ribosomal RNA
ACI13_03818	rRNA	110				5S ribosomal RNA
ACI13_03819	rRNA	2888				23S ribosomal RNA
ACI13_03822	rRNA	1533				16S ribosomal RNA
ACI13_04009	rRNA	110				5S ribosomal RNA
ACI13_04010	rRNA	2888				23S ribosomal RNA
ACI13_04013	rRNA	1533				16S ribosomal RNA
ACI12_00013	rRNA	1535				16S ribosomal RNA
ACI12_00016	rRNA	2887				23S ribosomal RNA
ACI12_00017	rRNA	111				5S ribosomal RNA
ACI12_00179	rRNA	1535				16S ribosomal RNA
ACI12_00182	rRNA	2887				23S ribosomal RNA
ACI12_00183	rRNA	111				5S ribosomal RNA
ACI12_00582	rRNA	1535				16S ribosomal RNA
ACI12_00585	rRNA	2887				23S ribosomal RNA
ACI12_00586	rRNA	111				5S ribosomal RNA
ACI12_01394	rRNA	1535				16S ribosomal RNA
ACI12_01397	rRNA	2887				23S ribosomal RNA
ACI12_01398	rRNA	111				5S ribosomal RNA
ACI12_02517	rRNA	111				5S ribosomal RNA
ACI12_02518	rRNA	2887				23S ribosomal RNA
ACI12_02521	rRNA	1535				16S ribosomal RNA
ACI12_02633	rRNA	111				5S ribosomal RNA
ACI12_02634	rRNA	2887				23S ribosomal RNA
ACI12_02637	rRNA	1535				16S ribosomal RNA
ACI12_03056	rRNA	111				5S ribosomal RNA
ACI12_03057	rRNA	2887				23S ribosomal RNA
ACI12_03060	rRNA	1535				16S ribosomal RNA
ACI11_00017	rRNA	2889				23S ribosomal RNA
ACI11_00018	rRNA	110				5S ribosomal RNA
ACI11_00508	rRNA	1532				16S ribosomal RNA
ACI11_00511	rRNA	2889				23S ribosomal RNA
ACI11_00512	rRNA	110				5S ribosomal RNA
ACI11_03013	rRNA	110				5S ribosomal RNA
ACI11_03014	rRNA	2889				23S ribosomal RNA
ACI11_03017	rRNA	1532				16S ribosomal RNA
ACI11_03312	rRNA	110				5S ribosomal RNA
ACI11_03313	rRNA	2889				23S ribosomal RNA
ACI11_03316	rRNA	1532				16S ribosomal RNA
ACI11_03450	rRNA	110				5S ribosomal RNA
ACI11_03451	rRNA	2889				23S ribosomal RNA
ACI11_03454	rRNA	1532				16S ribosomal RNA
ACI11_03609	rRNA	110				5S ribosomal RNA
ACI11_03610	rRNA	2889				23S ribosomal RNA
ACI11_03613	rRNA	1532				16S ribosomal RNA
ACI10_00013	rRNA	1532				16S ribosomal RNA
ACI10_00016	rRNA	2887				23S ribosomal RNA
ACI10_00017	rRNA	111				5S ribosomal RNA
ACI10_00179	rRNA	1535				16S ribosomal RNA
ACI10_00182	rRNA	2887				23S ribosomal RNA
ACI10_00183	rRNA	88				5S ribosomal RNA (partial)
ACI10_00582	rRNA	1535				16S ribosomal RNA
ACI10_00585	rRNA	2887				23S ribosomal RNA
ACI10_00586	rRNA	111				5S ribosomal RNA
ACI10_01394	rRNA	1535				16S ribosomal RNA
ACI10_01397	rRNA	2887				23S ribosomal RNA
ACI10_01398	rRNA	111				5S ribosomal RNA
ACI10_02517	rRNA	111				5S ribosomal RNA
ACI10_02518	rRNA	2887				23S ribosomal RNA
ACI10_02521	rRNA	1535				16S ribosomal RNA
ACI10_02633	rRNA	111				5S ribosomal RNA
ACI10_02634	rRNA	2887				23S ribosomal RNA
ACI10_02637	rRNA	1535				16S ribosomal RNA
ACI10_03056	rRNA	111				5S ribosomal RNA
ACI10_03057	rRNA	2887				23S ribosomal RNA
ACI10_03060	rRNA	1535				16S ribosomal RNA
ACH2_00727	rRNA	1527				16S ribosomal RNA
ACH2_00728	rRNA	2882				23S ribosomal RNA
ACH2_00729	rRNA	108				5S ribosomal RNA
ACH2_00730	rRNA	1527				16S ribosomal RNA
ACH2_00733	rRNA	2882				23S ribosomal RNA
ACH2_00734	rRNA	108				5S ribosomal RNA
ACH2_00735	rRNA	107				5S ribosomal RNA
ACH2_01715	rRNA	1527				16S ribosomal RNA
ACH2_01718	rRNA	2882				23S ribosomal RNA
ACH2_01719	rRNA	108				5S ribosomal RNA
ACH2_03942	rRNA	108				5S ribosomal RNA
ACH2_03943	rRNA	2882				23S ribosomal RNA
ACH2_03944	rRNA	1527				16S ribosomal RNA
ACH1_00807	rRNA	1527				16S ribosomal RNA
ACH1_00810	rRNA	2878				23S ribosomal RNA
ACH1_00811	rRNA	108				5S ribosomal RNA
ACH1_01838	rRNA	1527				16S ribosomal RNA
ACH1_01841	rRNA	2878				23S ribosomal RNA
ACH1_01842	rRNA	108				5S ribosomal RNA
ACH1_04598	rRNA	96				5S ribosomal RNA
ACH1_04599	rRNA	108				5S ribosomal RNA
ACH1_04600	rRNA	2878				23S ribosomal RNA
ACH1_04603	rRNA	1527				16S ribosomal RNA
1aci2_03102	rRNA	107				5S ribosomal RNA
1aci2_03103	rRNA	2873				23S ribosomal RNA
1aci2_03106	rRNA	1525				16S ribosomal RNA
1aci2_03725	rRNA	107				5S ribosomal RNA
1aci2_03726	rRNA	2873				23S ribosomal RNA
1aci2_03729	rRNA	1525				16S ribosomal RNA
1aci2_03920	rRNA	107				5S ribosomal RNA
1aci2_03921	rRNA	2873				23S ribosomal RNA
1aci2_03924	rRNA	1525				16S ribosomal RNA
1aci1_03248	rRNA	107				5S ribosomal RNA
1aci1_03249	rRNA	2873				23S ribosomal RNA
1aci1_03252	rRNA	1525				16S ribosomal RNA
1aci1_03876	rRNA	107				5S ribosomal RNA
1aci1_03877	rRNA	2873				23S ribosomal RNA
1aci1_03880	rRNA	1525				16S ribosomal RNA
1aci1_04056	rRNA	107				5S ribosomal RNA
1aci1_04057	rRNA	2873				23S ribosomal RNA
1aci1_04060	rRNA	1525				16S ribosomal RNA
